SK_ESCOLA,NO_ENTIDADE,CO_MUNICIPIO,SG_UF,TP_LOCALIZACAO,SEL_RECOMENDADO,SCORE_ADERENCIA_SELO
35000519,Centro Educacional Pionero 520,2304400,CE,1,Kepler,63.95
35000138,Escola Alfa 139,3106200,MG,1,Kepler,62.62
35000578,Escola Elite 579,4202404,SC,1,Kepler,60.95
35001099,Centro Educacional Objetivo 1100,4113700,PR,1,Compartilha,59.5
35000316,Escola Elite 317,2910800,BA,1,Compartilha,54.75
35000373,Centro Educacional Saber 374,4113700,PR,1,Farias Brito,65.05
35000376,Centro Educacional Vanguard 377,4304606,RS,1,Compartilha,63.32
35000596,Liceu Saber 597,3549805,SP,1,Kepler,58.05
35001162,Instituto de Ensino Pionero 1163,3170206,MG,1,Farias Brito,65.14
35000525,Liceu Pionero 526,1501402,PA,1,Kepler,61.4
35000635,Academia Pionero 636,3136702,MG,1,Compartilha,73.46
35001040,Colégio Anchieta 1041,4202404,SC,1,Kepler,58.59
35000394,Instituto de Ensino Saber 395,2111300,MA,1,Kepler,62.42
35000248,Escola Fênix 249,4202404,SC,1,Compartilha,54.1
35000325,Academia Futuro 326,5300108,DF,2,Kepler,47.27
35000873,Centro Educacional Anchieta 874,4205407,SC,1,Kepler,55.18
35001013,Instituto de Ensino Exponencial 1014,2611101,PE,1,Kepler,53.92
35000054,Instituto de Ensino Albert Einstein 55,2611606,PE,1,Kepler,66.09
35000620,Escola Progresso 621,2313500,CE,1,Kepler,58.07
35001105,Colégio São José 1106,4209102,SC,1,Farias Brito,73.51
35000617,Academia São José 618,2611101,PE,1,Compartilha,55.25
35000132,Centro Educacional Elite 133,3550308,SP,1,Kepler,61.33
35000480,Liceu Santa Cruz 481,2927408,BA,1,Uno,64.87
35000572,Liceu São José 573,4118204,PR,1,Uno,62.76
35000004,Instituto de Ensino Nossa Senhora 5,3301702,RJ,1,Kepler,54.81
35000852,Centro Educacional Futuro 853,5208707,GO,1,Kepler,66.93
35000864,Instituto de Ensino Exponencial 865,3106200,MG,1,Kepler,60.83
35000105,Escola Progresso 106,3106200,MG,1,Kepler,62.49
35000215,Liceu Futuro 216,4202404,SC,1,Kepler,62.19
35000659,Liceu Nossa Senhora 660,5002704,MS,1,Uno,65.42
35000897,Liceu Progresso 898,3106200,MG,1,Farias Brito,78.87
35000745,Liceu Elite 746,2910800,BA,1,Uno,66.75
35000751,Liceu Nossa Senhora 752,2304202,CE,1,Kepler,52.42
35000840,Academia Elite 841,4205407,SC,1,Farias Brito,60.32
35000456,Instituto de Ensino Vanguard 457,5208707,GO,1,Kepler,59.8
35000989,Escola Futuro 990,5002704,MS,1,Uno,59.66
35000123,Colégio Anchieta 124,2304400,CE,1,Kepler,55.34
35000141,Liceu Objetivo 142,4106902,PR,1,Kepler,58.84
35000849,Colégio Santo Agostinho 850,2304400,CE,1,Uno,62.13
35000385,Liceu Santa Cruz 386,2609600,PE,2,Compartilha,60.41
35001159,Colégio Vanguard 1160,3301702,RJ,1,Kepler,55.43
35000111,Instituto de Ensino Fênix 112,4314902,RS,1,Compartilha,63.18
35000611,Liceu Vanguard 612,4202404,SC,1,Kepler,61.31
35000203,Centro Educacional Fênix 204,3303302,RJ,1,Kepler,52.74
35000462,Colégio Futuro 463,3550308,SP,1,Compartilha,56.16
35001043,Liceu Santo Agostinho 1044,2933307,BA,1,Kepler,54.76
35000382,Escola Fênix 383,2910800,BA,1,Kepler,55.71
35000870,Centro Educacional Vanguard 871,4314902,RS,1,Farias Brito,69.92
35000879,Academia Vanguard 880,2611606,PE,1,Uno,70.4
35000590,Instituto de Ensino Marista 591,1302603,AM,1,Uno,66.34
35000260,Escola Nossa Senhora 261,1302603,AM,1,Compartilha,70.48
35000894,Escola Objetivo 895,3304557,RJ,1,Compartilha,68.87
35000135,Academia Vanguard 136,3304557,RJ,1,Farias Brito,64.06
35000254,Centro Educacional Anchieta 255,2611101,PE,1,Kepler,52.92
35000906,Academia Santa Cruz 907,4205407,SC,1,Kepler,57.52
35000206,Escola Nossa Senhora 207,3136702,MG,1,Uno,59.96
35000245,Centro Educacional Objetivo 246,4316907,RS,1,Uno,67.26
35000992,Colégio Futuro 993,3549805,SP,2,Kepler,59.97
35001108,Centro Educacional Albert Einstein 1109,2910800,BA,1,Kepler,52.5
35000007,Liceu Saber 8,3170206,MG,1,Kepler,62.31
35001046,Academia Anchieta 1047,2611101,PE,1,Kepler,52.15
35000120,Centro Educacional Marista 121,2611606,PE,1,Uno,60.76
35000185,Centro Educacional Fênix 186,2933307,BA,1,Kepler,53.21
35000918,Colégio Saber 919,5208707,GO,1,Farias Brito,60.73
35000364,Centro Educacional Dom Bosco 365,3509502,SP,1,Farias Brito,71.69
35000349,Instituto de Ensino Santa Cruz 350,2910800,BA,1,Uno,63.87
35000447,Academia Nossa Senhora 448,2927408,BA,1,Uno,65.84
35000903,Instituto de Ensino Elite 904,4314902,RS,1,Farias Brito,73.95
35000444,Academia Elite 445,4205407,SC,1,Farias Brito,62.91
35000045,Centro Educacional Santo Agostinho 46,4314902,RS,1,Farias Brito,70.84
35000721,Centro Educacional Saber 722,5300108,DF,1,Farias Brito,52.95
35001007,Centro Educacional Elite 1008,4202404,SC,1,Farias Brito,77.51
35000709,Instituto de Ensino Marista 710,4209102,SC,1,Farias Brito,73.65
35000867,Colégio Marista 868,4106902,PR,1,Kepler,56.67
35000233,Colégio Dom Bosco 234,3549805,SP,1,Farias Brito,80.78
35000358,Academia Exponencial 359,5300108,DF,1,Kepler,48.24
35000179,Instituto de Ensino Exponencial 180,4316907,RS,1,Compartilha,64.69
35000176,Colégio Anchieta 177,4118204,PR,2,Uno,55.38
35000379,Academia Pionero 380,4209102,SC,1,Farias Brito,56.08
35001093,Academia São José 1094,3301702,RJ,1,Kepler,56.4
35000962,Colégio Santo Agostinho 963,3303302,RJ,1,Farias Brito,61.61
35000400,Academia Marista 401,3301702,RJ,1,Uno,62.7
35001180,Liceu Futuro 1181,2304202,CE,1,Kepler,50.91
35000968,Centro Educacional Elite 969,4118204,PR,1,Compartilha,61.46
35000736,Escola Anchieta 737,4113700,PR,1,Farias Brito,67.29
35000453,Centro Educacional Objetivo 454,2304400,CE,1,Uno,72.83
35000200,Escola Saber 201,3549805,SP,1,Compartilha,66.74
35000367,Liceu Albert Einstein 368,3301702,RJ,1,Kepler,56.25
35000900,Colégio Anchieta 901,4106902,PR,1,Compartilha,61.81
35001004,Colégio Albert Einstein 1005,4316907,RS,1,Compartilha,55.82
35000891,Escola Objetivo 892,3550308,SP,1,Farias Brito,70.31
35000403,Instituto de Ensino Fênix 404,3170206,MG,2,Compartilha,57.11
35000626,Colégio Dom Bosco 627,5002704,MS,1,Uno,61.13
35000513,Liceu Futuro 514,2927408,BA,1,Kepler,60.41
35001174,Centro Educacional Santo Agostinho 1175,2910800,BA,1,Compartilha,55.45
35000986,Colégio Nossa Senhora 987,1302603,AM,2,Uno,70.48
35000760,Colégio Nossa Senhora 761,3509502,SP,1,Farias Brito,65.47
35000072,Academia Marista 73,3106200,MG,1,Kepler,59.65
35001156,Centro Educacional Vanguard 1157,3509502,SP,1,Farias Brito,64.96
35000775,Colégio Progresso 776,4209102,SC,1,Farias Brito,67.99
35001096,Escola Dom Bosco 1097,3170206,MG,1,Farias Brito,61.25
35000766,Centro Educacional Marista 767,3170206,MG,1,Farias Brito,58.27
35000790,Colégio Progresso 791,2111300,MA,1,Kepler,61.44
35000322,Instituto de Ensino Albert Einstein 323,2304202,CE,1,Uno,63.18
35000784,Centro Educacional Integral 785,2304202,CE,1,Uno,67.88
35000793,Academia Alfa 794,3509502,SP,1,Farias Brito,55.43
35001055,Centro Educacional Fênix 1056,5002704,MS,1,Kepler,64.61
35000251,Instituto de Ensino Alfa 252,2933307,BA,1,Uno,67.04
35000888,Centro Educacional Progresso 889,1501402,PA,1,Uno,67.9
35001102,Centro Educacional Alfa 1103,4304606,RS,1,Kepler,67.87
35000075,Colégio Pionero 76,4106902,PR,1,Compartilha,58.47
35000885,Instituto de Ensino Marista 886,5208707,GO,1,Farias Brito,63.72
35001120,Escola Saber 1121,2111300,MA,1,Uno,64.59
35000965,Instituto de Ensino Saber 966,3136702,MG,1,Compartilha,78.3
35000855,Colégio Pionero 856,1501402,PA,1,Uno,64.57
35000340,Liceu Alfa 341,4113700,PR,1,Farias Brito,72.06
35001144,Colégio Fênix 1145,2609600,PE,2,Uno,67.6
35000977,Colégio Albert Einstein 978,2933307,BA,2,Uno,63.71
35001028,Colégio Elite 1029,3303302,RJ,1,Farias Brito,56.2
35000048,Escola Albert Einstein 49,4205407,SC,1,Compartilha,57.62
35000388,Escola Marista 389,2304202,CE,1,Compartilha,55.96
35001016,Centro Educacional Progresso 1017,2313500,CE,1,Compartilha,57.68
35000843,Escola Anchieta 844,2927408,BA,1,Kepler,57.39
35000489,Escola Exponencial 490,5208707,GO,1,Compartilha,59.84
35000266,Escola Marista 267,3549805,SP,1,Farias Brito,76.64
35000528,Colégio Integral 529,3550308,SP,1,Kepler,59.63
35001126,Liceu Anchieta 1127,3301702,RJ,2,Uno,71.43
35000313,Escola Santa Cruz 314,4209102,SC,1,Farias Brito,73.56
35000629,Instituto de Ensino Exponencial 630,3549805,SP,1,Farias Brito,67.69
35000665,Colégio Progresso 666,3303302,RJ,1,Kepler,50.98
35000334,Academia Anchieta 335,3301702,RJ,1,Uno,64.12
35001171,Colégio Futuro 1172,4209102,SC,1,Kepler,58.4
35000087,Centro Educacional Dom Bosco 88,2611606,PE,1,Kepler,63.11
35000757,Liceu Integral 758,2111300,MA,1,Kepler,59.67
35000763,Escola Dom Bosco 764,3301702,RJ,1,Uno,71.31
35000861,Liceu Objetivo 862,3304557,RJ,1,Farias Brito,60.33
35000912,Instituto de Ensino Pionero 913,2611606,PE,1,Kepler,63.59
35001049,Instituto de Ensino Vanguard 1050,2313500,CE,1,Uno,60.67
35000995,Centro Educacional Elite 996,3303302,RJ,1,Kepler,52.22
35000927,Colégio Santo Agostinho 928,3304557,RJ,1,Kepler,61.34
35001114,Escola Marista 1115,2304202,CE,1,Compartilha,49.68
35000096,Centro Educacional Albert Einstein 97,1501402,PA,1,Kepler,58.1
35000224,Centro Educacional Vanguard 225,2313500,CE,1,Uno,60.92
35000069,Academia Albert Einstein 70,3304557,RJ,1,Compartilha,65.24
35000102,Liceu Progresso 103,3304557,RJ,1,Kepler,61.73
35000769,Centro Educacional Albert Einstein 770,4113700,PR,1,Kepler,62.65
35000331,Centro Educacional Nossa Senhora 332,3509502,SP,1,Kepler,60.03
35000602,Instituto de Ensino Alfa 603,3136702,MG,1,Uno,60.33
35000727,Liceu Exponencial 728,3509502,SP,1,Farias Brito,60.56
35001123,Instituto de Ensino Elite 1124,3509502,SP,1,Kepler,60.61
35000834,Escola Vanguard 835,4106902,PR,1,Compartilha,64.12
35000465,Liceu Nossa Senhora 466,3304557,RJ,1,Kepler,60.28
35001111,Escola Saber 1112,2609600,PE,1,Uno,66.74
35000581,Academia Albert Einstein 582,2933307,BA,1,Uno,65.6
35000531,Liceu Santo Agostinho 532,3304557,RJ,1,Farias Brito,63.12
35000081,Instituto de Ensino Nossa Senhora 82,4205407,SC,1,Farias Brito,62.86
35000921,Academia Integral 922,1501402,PA,1,Uno,72.79
35000328,Escola Santo Agostinho 329,2111300,MA,1,Uno,64.32
35000099,Instituto de Ensino Vanguard 100,3550308,SP,1,Farias Brito,65.6
35000468,Instituto de Ensino Anchieta 469,3106200,MG,1,Kepler,64.72
35000010,Academia Progresso 11,4113700,PR,1,Kepler,71.02
35000712,Escola Anchieta 713,2910800,BA,1,Uno,67.29
35000980,Centro Educacional São José 981,2611101,PE,2,Uno,67.34
35000352,Academia Alfa 353,2609600,PE,1,Uno,62.49
35001168,Centro Educacional São José 1169,4304606,RS,2,Compartilha,54.05
35001010,Centro Educacional Vanguard 1011,2933307,BA,1,Compartilha,56.68
35000001,Centro Educacional Integral 2,3509502,SP,1,Farias Brito,70.21
35001025,Instituto de Ensino Santa Cruz 1026,3549805,SP,1,Compartilha,61.11
35000227,Centro Educacional Alfa 228,1302603,AM,1,Compartilha,58.77
35000370,Academia Elite 371,3170206,MG,1,Farias Brito,74.38
35000641,Academia Marista 642,4316907,RS,2,Kepler,64.62
35000593,Escola Pionero 594,5002704,MS,1,Uno,56.83
35000319,Liceu Exponencial 320,2609600,PE,1,Uno,70.89
35000584,Instituto de Ensino Nossa Senhora 585,2611101,PE,1,Uno,62.47
35000781,Colégio Santa Cruz 782,2609600,PE,1,Uno,70.46
35000221,Centro Educacional Exponencial 222,2611101,PE,1,Uno,62.15
35000971,Instituto de Ensino Objetivo 972,4316907,RS,1,Kepler,63.29
35000587,Colégio Vanguard 588,2313500,CE,1,Uno,68.19
35000614,Colégio São José 615,2933307,BA,1,Compartilha,51.1
35001165,Colégio Santo Agostinho 1166,4113700,PR,1,Farias Brito,70.69
35000117,Liceu Vanguard 118,2927408,BA,1,Kepler,57.46
35000504,Colégio São José 505,4106902,PR,1,Kepler,55.8
35001019,Colégio Elite 1020,1302603,AM,1,Uno,62.92
35001135,Colégio São José 1136,4304606,RS,1,Farias Brito,75.35
35000501,Instituto de Ensino Integral 502,3106200,MG,1,Kepler,55.7
35000397,Liceu Anchieta 398,3509502,SP,1,Kepler,60.6
35000703,Centro Educacional Santa Cruz 704,4113700,PR,1,Farias Brito,61.25
35000733,Escola Futuro 734,3170206,MG,1,Compartilha,60.12
35000718,Academia São José 719,2304202,CE,1,Uno,61.47
35000355,Academia Albert Einstein 356,2304202,CE,1,Uno,61.81
35000129,Academia São José 130,1501402,PA,1,Compartilha,56.23
35000257,Colégio Alfa 258,2313500,CE,1,Uno,61.6
35001186,Instituto de Ensino São José 1187,2111300,MA,1,Uno,63.12
35000471,Instituto de Ensino Pionero 472,4106902,PR,1,Farias Brito,68.75
35000063,Academia Exponencial 64,1501402,PA,1,Uno,67.0
35000361,Colégio Futuro 362,2111300,MA,1,Uno,71.75
35000486,Colégio Pionero 487,2304400,CE,1,Kepler,59.11
35000492,Instituto de Ensino Exponencial 493,1501402,PA,1,Kepler,56.15
35000998,Centro Educacional Santa Cruz 999,3136702,MG,1,Uno,59.53
35001034,Colégio Santo Agostinho 1035,4118204,PR,1,Compartilha,59.44
35001150,Liceu Alfa 1151,5300108,DF,1,Kepler,48.41
35000724,Colégio Pionero 725,2111300,MA,2,Compartilha,58.83
35000748,Instituto de Ensino São José 749,2609600,PE,1,Compartilha,55.33
35000212,Academia Objetivo 213,4316907,RS,1,Compartilha,63.76
35000093,Academia Fênix 94,5208707,GO,1,Farias Brito,67.14
35000450,Escola Santa Cruz 451,2611606,PE,1,Compartilha,73.91
35000498,Academia Exponencial 499,3304557,RJ,1,Farias Brito,66.24
35000837,Centro Educacional Albert Einstein 838,4314902,RS,1,Compartilha,65.12
35000239,Instituto de Ensino Marista 240,3136702,MG,1,Kepler,64.9
35000474,Escola Marista 475,4314902,RS,1,Farias Brito,74.16
35000876,Escola Saber 877,2927408,BA,1,Uno,62.39
35001052,Colégio Saber 1053,1302603,AM,1,Uno,65.64
35000272,Centro Educacional Integral 273,3136702,MG,1,Compartilha,60.08
35000477,Colégio Progresso 478,4205407,SC,1,Kepler,54.46
35000495,Centro Educacional Exponencial 496,3550308,SP,1,Farias Brito,63.02
35001132,Instituto de Ensino Pionero 1133,4113700,PR,1,Kepler,64.47
35000307,Centro Educacional Nossa Senhora 308,4113700,PR,1,Compartilha,73.26
35000310,Escola São José 311,4304606,RS,1,Farias Brito,66.6
35001022,Instituto de Ensino Marista 1023,5002704,MS,1,Kepler,68.43
35000051,Liceu Elite 52,2927408,BA,1,Uno,53.88
35001117,Instituto de Ensino Elite 1118,5300108,DF,1,Compartilha,48.85
35000656,Instituto de Ensino Alfa 657,1302603,AM,1,Kepler,61.4
35000230,Escola Exponencial 231,5002704,MS,1,Compartilha,62.04
35000346,Academia Pionero 347,4209102,SC,1,Farias Brito,76.72
35000605,Academia Alfa 606,4118204,PR,1,Kepler,61.2
35000114,Instituto de Ensino Integral 115,4205407,SC,1,Farias Brito,63.21
35000510,Instituto de Ensino Vanguard 511,4205407,SC,1,Kepler,52.58
35000700,Academia Dom Bosco 701,3170206,MG,1,Kepler,64.23
35000126,Escola Elite 127,5208707,GO,1,Kepler,61.67
35000263,Colégio Marista 264,5002704,MS,1,Uno,57.5
35001153,Instituto de Ensino Exponencial 1154,2111300,MA,1,Compartilha,63.75
35000441,Instituto de Ensino Alfa 442,4314902,RS,1,Farias Brito,61.29
35001037,Centro Educacional Dom Bosco 1038,4316907,RS,1,Uno,60.45
35000343,Instituto de Ensino Albert Einstein 344,4304606,RS,1,Farias Brito,75.54
35000638,Centro Educacional Marista 639,4118204,PR,1,Kepler,67.94
35001189,Colégio Santa Cruz 1190,3509502,SP,1,Compartilha,58.02
35000647,Colégio Fênix 648,2933307,BA,1,Uno,68.0
35000191,Liceu Pionero 192,2313500,CE,1,Uno,66.2
35000882,Instituto de Ensino Santo Agostinho 883,2304400,CE,1,Kepler,60.17
35000644,Escola Saber 645,4202404,SC,1,Kepler,65.2
35000090,Liceu Albert Einstein 91,2304400,CE,1,Kepler,60.26
35000507,Centro Educacional Pionero 508,4314902,RS,1,Compartilha,64.24
35000623,Liceu Albert Einstein 624,1302603,AM,1,Uno,63.26
35000569,Liceu Pionero 570,3136702,MG,1,Compartilha,60.89
35000787,Escola Pionero 788,5300108,DF,1,Farias Brito,55.47
35000242,Colégio Pionero 243,4118204,PR,1,Kepler,59.43
35000522,Centro Educacional Futuro 523,5208707,GO,1,Farias Brito,59.82
35000846,Centro Educacional Albert Einstein 847,2611606,PE,1,Kepler,63.48
35000575,Academia Marista 576,4316907,RS,1,Kepler,63.32
35000438,Academia Futuro 439,4106902,PR,1,Farias Brito,67.16
35001031,Liceu Integral 1032,3136702,MG,1,Uno,62.89
35000650,Colégio Dom Bosco 651,2611101,PE,2,Uno,59.76
35000391,Colégio Alfa 392,5300108,DF,1,Compartilha,48.74
35001138,Escola Saber 1139,4209102,SC,1,Compartilha,59.82
35001141,Instituto de Ensino Albert Einstein 1142,2910800,BA,1,Uno,63.08
35000197,Instituto de Ensino Marista 198,5002704,MS,1,Uno,59.63
35000057,Escola Albert Einstein 58,2304400,CE,1,Compartilha,62.6
35000915,Colégio Objetivo 916,2304400,CE,1,Uno,59.7
35000924,Academia Exponencial 925,3550308,SP,1,Compartilha,56.57
35001183,Academia Santo Agostinho 1184,5300108,DF,1,Farias Brito,57.73
35000754,Academia Santa Cruz 755,5300108,DF,1,Farias Brito,54.35
35000534,Colégio Elite 535,3106200,MG,1,Farias Brito,66.76
35000236,Colégio Anchieta 237,3303302,RJ,1,Compartilha,50.05
35000182,Liceu Futuro 183,4202404,SC,1,Compartilha,62.19
35001001,Colégio Anchieta 1002,4118204,PR,1,Uno,66.05
35001129,Escola Elite 1130,3170206,MG,1,Farias Brito,63.48
35000831,Liceu Exponencial 832,3106200,MG,2,Compartilha,59.99
35000516,Liceu Marista 517,2611606,PE,1,Uno,71.5
35000084,Centro Educacional Anchieta 85,2927408,BA,1,Kepler,60.46
35000459,Instituto de Ensino Pionero 460,1501402,PA,1,Kepler,57.94
35001147,Escola Pionero 1148,2304202,CE,1,Uno,60.17
35000108,Escola Elite 109,4106902,PR,1,Compartilha,58.38
35000706,Centro Educacional Objetivo 707,4304606,RS,1,Compartilha,57.21
35000218,Academia Exponencial 219,2933307,BA,1,Uno,64.43
35000209,Centro Educacional Santa Cruz 210,4118204,PR,1,Kepler,59.91
35000662,Academia Dom Bosco 663,3549805,SP,1,Farias Brito,70.8
35000715,Escola Santo Agostinho 716,2609600,PE,1,Kepler,56.2
35000599,Instituto de Ensino Progresso 600,3303302,RJ,1,Farias Brito,62.11
35000778,Colégio Santo Agostinho 779,2910800,BA,1,Uno,66.77
35000983,Colégio Futuro 984,2313500,CE,1,Kepler,55.7
35000078,Liceu Integral 79,4314902,RS,1,Kepler,59.06
35000337,Liceu Progresso 338,3170206,MG,1,Compartilha,66.5
35000060,Escola São José 61,5208707,GO,2,Farias Brito,62.7
35000974,Liceu Futuro 975,4202404,SC,1,Farias Brito,72.56
35000483,Instituto de Ensino Albert Einstein 484,2611606,PE,1,Uno,66.07
35000742,Colégio Saber 743,4209102,SC,1,Kepler,57.43
35000269,Academia Alfa 270,3303302,RJ,1,Farias Brito,65.75
35000188,Escola Santa Cruz 189,2611101,PE,1,Uno,58.5
35000858,Colégio Santa Cruz 859,3550308,SP,1,Kepler,55.08
35000739,Centro Educacional Albert Einstein 740,4304606,RS,1,Farias Brito,62.53
35000632,Liceu São José 633,3303302,RJ,1,Farias Brito,65.08
35000796,Instituto de Ensino Elite 797,3301702,RJ,1,Uno,61.24
35000730,Centro Educacional Santo Agostinho 731,3301702,RJ,1,Compartilha,51.63
35000772,Escola Albert Einstein 773,4304606,RS,1,Farias Brito,67.38
35000066,Colégio Elite 67,3550308,SP,1,Farias Brito,70.76
35000608,Liceu Saber 609,4316907,RS,1,Farias Brito,60.51
35000653,Academia Futuro 654,2313500,CE,1,Compartilha,56.53
35001058,Academia Futuro 1059,3549805,SP,1,Kepler,59.35
35001177,Colégio Elite 1178,2609600,PE,1,Kepler,55.29
35000194,Escola Elite 195,1302603,AM,1,Kepler,59.36
35000909,Escola Progresso 910,2927408,BA,1,Uno,60.61
35000046,Liceu São José 47,4304606,RS,1,Farias Brito,59.56
35000615,Escola Alfa 616,2611606,PE,1,Kepler,64.62
35000805,Colégio Santa Cruz 806,4304606,RS,1,Farias Brito,69.81
35001198,Liceu Santa Cruz 1199,4113700,PR,1,Compartilha,64.76
35000299,Centro Educacional Dom Bosco 300,3549805,SP,1,Farias Brito,61.58
35000555,Instituto de Ensino Anchieta 556,5208707,GO,1,Kepler,61.56
35000296,Liceu Santo Agostinho 297,5002704,MS,1,Uno,65.35
35000865,Escola Objetivo 866,3170206,MG,1,Compartilha,71.66
35000752,Escola São José 753,2313500,CE,1,Uno,67.33
35000490,Escola Fênix 491,5300108,DF,1,Farias Brito,60.36
35000930,Liceu Santa Cruz 931,3106200,MG,1,Farias Brito,66.43
35000972,Centro Educacional Integral 973,4205407,SC,1,Kepler,55.34
35001148,Colégio Objetivo 1149,2313500,CE,1,Uno,63.85
35000573,Centro Educacional Progresso 574,4314902,RS,1,Kepler,58.32
35000853,Liceu Objetivo 854,5300108,DF,2,Farias Brito,53.48
35000034,Colégio Exponencial 35,3509502,SP,1,Kepler,56.92
35000957,Colégio Alfa 958,3550308,SP,1,Kepler,60.03
35000832,Colégio Futuro 833,3170206,MG,1,Kepler,67.31
35000216,Colégio Saber 217,2927408,BA,2,Kepler,56.93
35000365,Escola Fênix 366,3549805,SP,1,Farias Brito,72.56
35000195,Centro Educacional Alfa 196,1501402,PA,1,Kepler,55.05
35000031,Centro Educacional Futuro 32,2111300,MA,2,Compartilha,74.93
35000802,Instituto de Ensino Saber 803,4113700,PR,1,Kepler,68.27
35000094,Colégio Anchieta 95,5300108,DF,1,Kepler,48.6
35000073,Centro Educacional Integral 74,3170206,MG,1,Farias Brito,69.47
35001133,Liceu Pionero 1134,4118204,PR,1,Uno,62.92
35000103,Escola Vanguard 104,3301702,RJ,1,Kepler,56.68
35001109,Instituto de Ensino Albert Einstein 1110,2933307,BA,1,Uno,63.1
35000290,Colégio Futuro 291,2313500,CE,1,Uno,54.15
35000314,Centro Educacional São José 315,4202404,SC,1,Farias Brito,61.1
35000237,Instituto de Ensino Marista 238,3106200,MG,1,Farias Brito,62.8
35000933,Colégio Objetivo 934,4106902,PR,2,Kepler,59.53
35000335,Centro Educacional Progresso 336,3303302,RJ,1,Kepler,50.71
35000612,Colégio Fênix 613,2927408,BA,1,Kepler,57.61
35000862,Centro Educacional Albert Einstein 863,3301702,RJ,1,Compartilha,52.19
35001142,Centro Educacional Elite 1143,2933307,BA,1,Compartilha,51.88
35000951,Colégio Alfa 952,5208707,GO,1,Farias Brito,53.64
35001061,Instituto de Ensino Santo Agostinho 1062,3303302,RJ,1,Farias Brito,55.68
35000826,Instituto de Ensino Nossa Senhora 827,3509502,SP,1,Kepler,58.74
35000993,Colégio Marista 994,3304557,RJ,1,Farias Brito,60.88
35001005,Escola Exponencial 1006,4205407,SC,1,Kepler,54.07
35000570,Colégio Marista 571,4106902,PR,1,Kepler,54.62
35000823,Instituto de Ensino Nossa Senhora 824,2111300,MA,1,Uno,59.1
35000040,Colégio Elite 41,3170206,MG,1,Farias Brito,63.79
35000540,Instituto de Ensino Santo Agostinho 541,4314902,RS,1,Kepler,59.82
35000144,Colégio Vanguard 145,4314902,RS,1,Kepler,61.15
35001017,Colégio Santa Cruz 1018,5208707,GO,1,Kepler,64.56
35000025,Liceu Marista 26,2304202,CE,1,Compartilha,46.18
35000466,Instituto de Ensino Progresso 467,3301702,RJ,1,Compartilha,57.19
35000317,Instituto de Ensino Elite 318,2933307,BA,2,Kepler,53.14
35001085,Academia Futuro 1086,1302603,AM,1,Uno,60.13
35000311,Academia Albert Einstein 312,4316907,RS,1,Uno,62.67
35000624,Colégio Marista 625,1501402,PA,1,Compartilha,58.55
35000153,Centro Educacional Alfa 154,2611606,PE,1,Uno,60.31
35001082,Liceu Integral 1083,2313500,CE,1,Uno,62.04
35000692,Centro Educacional Exponencial 693,5002704,MS,1,Compartilha,61.69
35001008,Centro Educacional Albert Einstein 1009,2927408,BA,2,Kepler,60.29
35000362,Academia São José 363,5002704,MS,1,Kepler,65.69
35000564,Colégio Santa Cruz 565,3304557,RJ,1,Farias Brito,66.4
35000481,Escola Santa Cruz 482,2910800,BA,1,Uno,72.61
35000737,Escola Santo Agostinho 738,4118204,PR,1,Uno,57.99
35001070,Academia Pionero 1071,4316907,RS,1,Uno,62.17
35000707,Academia Albert Einstein 708,4316907,RS,1,Uno,56.28
35000710,Academia Elite 711,4202404,SC,1,Kepler,64.98
35000165,Centro Educacional Santo Agostinho 166,3550308,SP,1,Compartilha,59.5
35000100,Escola Integral 101,3509502,SP,1,Farias Brito,69.02
35000859,Colégio Marista 860,3509502,SP,1,Compartilha,64.63
35000588,Instituto de Ensino Vanguard 589,5208707,GO,1,Kepler,67.97
35000308,Escola Saber 309,4118204,PR,1,Kepler,65.17
35000225,Escola Santo Agostinho 226,5208707,GO,1,Farias Brito,61.1
35000442,Liceu Exponencial 443,4304606,RS,1,Compartilha,63.12
35000198,Centro Educacional Vanguard 199,3550308,SP,1,Kepler,56.79
35000868,Academia Fênix 869,4113700,PR,1,Farias Brito,64.43
35000168,Centro Educacional Marista 169,3304557,RJ,1,Compartilha,64.34
35001118,Colégio Albert Einstein 1119,1302603,AM,1,Uno,73.42
35000341,Escola Exponencial 342,4118204,PR,1,Uno,64.42
35000150,Academia Exponencial 151,2927408,BA,1,Uno,67.49
35001157,Instituto de Ensino Futuro 1158,3549805,SP,1,Kepler,56.61
35000954,Instituto de Ensino São José 955,1501402,PA,1,Uno,73.46
35000091,Liceu Objetivo 92,2304202,CE,1,Uno,62.41
35000939,Colégio Progresso 940,4205407,SC,1,Kepler,54.55
35000162,Colégio Futuro 163,1501402,PA,1,Uno,62.88
35000475,Instituto de Ensino Pionero 476,4304606,RS,1,Kepler,60.06
35001192,Escola Nossa Senhora 1193,3301702,RJ,1,Kepler,55.16
35000487,Liceu São José 488,2304202,CE,1,Compartilha,48.88
35000749,Instituto de Ensino Exponencial 750,2611101,PE,1,Uno,61.36
35000016,Academia Santo Agostinho 17,4209102,SC,1,Kepler,60.97
35000838,Liceu Exponencial 839,4304606,RS,1,Farias Brito,70.56
35000990,Instituto de Ensino Futuro 991,3550308,SP,1,Farias Brito,77.4
35000234,Academia São José 235,3304557,RJ,1,Kepler,58.94
35000713,Instituto de Ensino Albert Einstein 714,2933307,BA,1,Kepler,52.85
35000984,Instituto de Ensino Exponencial 985,5208707,GO,1,Kepler,62.83
35000219,Escola Alfa 220,2611606,PE,1,Uno,69.61
35000755,Escola Dom Bosco 756,1302603,AM,1,Uno,60.9
35001091,Colégio Vanguard 1092,3549805,SP,1,Farias Brito,70.07
35000716,Escola Progresso 717,2611101,PE,1,Uno,61.78
35000463,Escola Pionero 464,3509502,SP,1,Farias Brito,60.84
35000052,Liceu Objetivo 53,2910800,BA,2,Kepler,56.24
35000427,Centro Educacional Fênix 428,2111300,MA,1,Uno,57.62
35000085,Academia Integral 86,2910800,BA,1,Uno,59.3
35000302,Academia Alfa 303,3303302,RJ,1,Kepler,52.51
35001023,Escola Saber 1024,3550308,SP,1,Farias Brito,59.41
35000549,Colégio Futuro 550,2611606,PE,1,Kepler,65.32
35001127,Academia Dom Bosco 1128,3303302,RJ,1,Farias Brito,56.86
35001079,Instituto de Ensino Marista 1080,2611101,PE,1,Kepler,52.07
35000761,Academia São José 762,3549805,SP,1,Farias Brito,61.97
35000677,Escola Alfa 678,4202404,SC,1,Compartilha,56.05
35000231,Centro Educacional Futuro 232,3550308,SP,1,Kepler,54.16
35000061,Academia Dom Bosco 62,5300108,DF,1,Farias Brito,53.07
35000106,Centro Educacional Objetivo 107,3170206,MG,1,Farias Brito,65.21
35000088,Liceu Integral 89,2609600,PE,1,Kepler,55.12
35000701,Instituto de Ensino Futuro 702,3136702,MG,1,Kepler,63.78
35000820,Escola Pionero 821,5300108,DF,1,Kepler,48.53
35000674,Centro Educacional Dom Bosco 675,4316907,RS,1,Kepler,63.97
35001115,Instituto de Ensino Anchieta 1116,2313500,CE,2,Compartilha,52.24
35000058,Liceu Santo Agostinho 59,2304202,CE,1,Uno,55.75
35000192,Instituto de Ensino São José 193,5208707,GO,1,Farias Brito,61.23
35000945,Centro Educacional Alfa 946,2611606,PE,1,Uno,59.29
35000183,Instituto de Ensino São José 184,2927408,BA,1,Compartilha,50.98
35001145,Colégio Santo Agostinho 1146,2611101,PE,1,Uno,60.79
35000097,Liceu Dom Bosco 98,2111300,MA,1,Kepler,64.12
35000698,Centro Educacional Albert Einstein 699,3303302,RJ,1,Farias Brito,67.41
35000695,Escola Pionero 696,3549805,SP,1,Farias Brito,61.72
35000079,Escola Alfa 80,4304606,RS,2,Kepler,59.66
35000275,Liceu Exponencial 276,4118204,PR,1,Kepler,62.7
35000567,Colégio Futuro 568,3106200,MG,1,Farias Brito,57.12
35000076,Instituto de Ensino Saber 77,4113700,PR,1,Compartilha,74.28
35000621,Academia Marista 622,5208707,GO,1,Kepler,58.21
35000680,Colégio Albert Einstein 681,2933307,BA,1,Uno,60.1
35000987,Liceu Integral 988,1501402,PA,1,Uno,70.47
35000811,Liceu Objetivo 812,2910800,BA,1,Kepler,54.77
35000892,Escola Vanguard 893,3509502,SP,1,Farias Brito,54.06
35000460,Escola Albert Einstein 461,2111300,MA,1,Kepler,63.26
35000368,Centro Educacional Pionero 369,3303302,RJ,2,Kepler,50.59
35000874,Liceu Exponencial 875,4209102,SC,1,Farias Brito,57.63
35000323,Instituto de Ensino Pionero 324,2313500,CE,1,Kepler,56.64
35000171,Instituto de Ensino Saber 172,3106200,MG,1,Farias Brito,55.5
35000889,Centro Educacional São José 890,2111300,MA,1,Uno,72.7
35000496,Academia Albert Einstein 497,3509502,SP,1,Kepler,58.16
35000978,Centro Educacional Elite 979,2611606,PE,1,Kepler,62.38
35000886,Instituto de Ensino Saber 887,5300108,DF,1,Farias Brito,58.24
35000281,Academia Santa Cruz 282,4202404,SC,2,Compartilha,63.76
35001014,Academia Progresso 1015,2304400,CE,1,Kepler,58.91
35000582,Instituto de Ensino Vanguard 583,2611606,PE,1,Uno,67.17
35000829,Academia Objetivo 830,3301702,RJ,1,Compartilha,60.58
35000591,Liceu Dom Bosco 592,1501402,PA,1,Uno,63.9
35000719,Academia Saber 720,2313500,CE,2,Compartilha,55.28
35000877,Centro Educacional Futuro 878,2910800,BA,1,Kepler,54.64
35000850,Centro Educacional Exponencial 851,2304202,CE,1,Compartilha,54.95
35000287,Instituto de Ensino Santo Agostinho 288,2611101,PE,1,Kepler,52.1
35000067,Centro Educacional Santa Cruz 68,3509502,SP,1,Kepler,60.82
35000543,Centro Educacional Fênix 544,4205407,SC,1,Compartilha,54.83
35000963,Liceu Alfa 964,3106200,MG,1,Farias Brito,66.71
35000457,Centro Educacional Objetivo 458,5300108,DF,1,Kepler,48.4
35000499,Escola Albert Einstein 500,3301702,RJ,1,Uno,64.0
35000847,Liceu Albert Einstein 848,2609600,PE,1,Uno,75.12
35000305,Academia Nossa Senhora 306,3136702,MG,1,Uno,57.6
35000966,Colégio Pionero 967,4106902,PR,1,Farias Brito,62.23
35000618,Instituto de Ensino Albert Einstein 619,2304400,CE,1,Uno,69.96
35000883,Colégio Nossa Senhora 884,2304202,CE,1,Compartilha,51.69
35000725,Colégio Alfa 726,5002704,MS,1,Compartilha,57.62
35000948,Escola Saber 949,2304400,CE,1,Kepler,60.13
35000174,Academia Anchieta 175,4106902,PR,1,Kepler,59.07
35000627,Instituto de Ensino Anchieta 628,3550308,SP,1,Farias Brito,74.89
35000359,Instituto de Ensino Progresso 360,1302603,AM,1,Uno,61.45
35000722,Academia Objetivo 723,1302603,AM,1,Kepler,62.99
35000683,Instituto de Ensino Santo Agostinho 684,2611101,PE,1,Uno,54.9
35000740,Instituto de Ensino Vanguard 741,4316907,RS,1,Compartilha,59.06
35000856,Liceu Elite 857,2111300,MA,1,Uno,72.39
35000147,Academia Progresso 148,4205407,SC,1,Kepler,56.31
35000436,Liceu Marista 437,3170206,MG,1,Compartilha,65.17
35000180,Instituto de Ensino Anchieta 181,4205407,SC,1,Kepler,56.58
35000576,Liceu Progresso 577,4205407,SC,1,Farias Brito,46.95
35000537,Centro Educacional Anchieta 538,4106902,PR,1,Kepler,57.6
35000329,Centro Educacional Santa Cruz 330,5002704,MS,1,Farias Brito,63.04
35000028,Colégio Santo Agostinho 29,5300108,DF,1,Farias Brito,58.69
35000969,Escola Elite 970,4314902,RS,1,Kepler,63.18
35000558,Colégio Saber 559,1501402,PA,1,Uno,75.98
35000201,Liceu Marista 202,3304557,RJ,1,Farias Brito,63.23
35000344,Liceu Exponencial 345,4316907,RS,1,Kepler,60.09
35001124,Instituto de Ensino Elite 1125,3549805,SP,1,Compartilha,53.15
35000671,Colégio Exponencial 672,4118204,PR,1,Uno,60.22
35000070,Colégio Pionero 71,3301702,RJ,2,Uno,61.9
35000817,Instituto de Ensino Progresso 818,2304202,CE,1,Uno,58.66
35000835,Liceu Anchieta 836,4113700,PR,1,Compartilha,53.55
35000013,Colégio Elite 14,4304606,RS,1,Compartilha,64.58
35000999,Escola Futuro 1000,4106902,PR,1,Kepler,56.13
35000600,Colégio Pionero 601,3106200,MG,1,Farias Brito,73.1
35000981,Colégio Santo Agostinho 982,2304400,CE,1,Uno,62.65
35000844,Liceu Elite 845,2910800,BA,1,Kepler,52.98
35000960,Instituto de Ensino Progresso 961,3304557,RJ,1,Farias Brito,68.47
35000585,Escola Exponencial 586,2304400,CE,1,Uno,68.3
35000421,Colégio Elite 422,2304202,CE,1,Uno,63.55
35000326,Academia Integral 327,1302603,AM,1,Kepler,62.25
35000210,Escola Objetivo 211,4314902,RS,1,Farias Brito,68.46
35000433,Escola Futuro 434,3301702,RJ,2,Compartilha,56.73
35000841,Academia Dom Bosco 842,4209102,SC,1,Farias Brito,64.76
35000814,Escola Anchieta 815,2609600,PE,1,Compartilha,55.45
35000037,Liceu Vanguard 38,3301702,RJ,1,Uno,55.89
35000579,Liceu Santo Agostinho 580,2927408,BA,1,Kepler,56.16
35000731,Escola Objetivo 732,3303302,RJ,1,Farias Brito,60.64
35001002,Escola Santa Cruz 1003,4314902,RS,2,Farias Brito,58.52
35000454,Escola Futuro 455,2304202,CE,1,Kepler,53.23
35001097,Academia São José 1098,3136702,MG,1,Uno,58.63
35000478,Liceu Pionero 479,4209102,SC,1,Farias Brito,58.89
35000022,Colégio Exponencial 23,2609600,PE,1,Kepler,57.91
35000159,Academia Alfa 160,5208707,GO,1,Farias Brito,62.75
35001067,Centro Educacional Objetivo 1068,4118204,PR,1,Uno,62.37
35001100,Liceu Albert Einstein 1101,4118204,PR,1,Compartilha,57.55
35000996,Centro Educacional Alfa 997,3106200,MG,2,Kepler,61.86
35001130,Liceu Integral 1131,3136702,MG,1,Kepler,65.97
35000228,Liceu Anchieta 229,1501402,PA,1,Compartilha,56.84
35000332,Instituto de Ensino Elite 333,3549805,SP,1,Farias Brito,77.4
35000597,Liceu Alfa 598,3304557,RJ,1,Compartilha,62.54
35000594,Colégio Marista 595,3550308,SP,1,Kepler,57.06
35001154,Centro Educacional Objetivo 1155,5002704,MS,1,Compartilha,57.79
35001088,Liceu Vanguard 1089,5002704,MS,1,Uno,57.63
35000561,Liceu Dom Bosco 562,3550308,SP,2,Kepler,57.25
35000448,Centro Educacional Objetivo 449,2910800,BA,1,Compartilha,53.27
35000942,Colégio Elite 943,2927408,BA,1,Compartilha,56.09
35000609,Instituto de Ensino Albert Einstein 610,4205407,SC,1,Farias Brito,60.75
35001136,Escola Albert Einstein 1137,4316907,RS,1,Compartilha,53.21
35000880,Liceu Anchieta 881,2609600,PE,1,Kepler,56.68
35001106,Liceu Santa Cruz 1107,4202404,SC,2,Farias Brito,70.3
35000758,Liceu Futuro 759,5002704,MS,1,Compartilha,64.02
35001121,Centro Educacional Fênix 1122,5002704,MS,1,Farias Brito,64.47
35000451,Colégio Santa Cruz 452,2609600,PE,1,Kepler,58.48
35000630,Liceu Anchieta 631,3304557,RJ,1,Compartilha,60.22
35000019,Colégio Pionero 20,2910800,BA,1,Kepler,53.48
35001103,Escola Vanguard 1104,4316907,RS,1,Kepler,58.56
35001151,Escola Santa Cruz 1152,1302603,AM,1,Kepler,59.9
35000278,Escola Fênix 279,4316907,RS,1,Uno,56.59
35000082,Academia Dom Bosco 83,4209102,SC,1,Compartilha,63.27
35000668,Centro Educacional Objetivo 669,3136702,MG,1,Uno,54.02
35001020,Escola Albert Einstein 1021,1501402,PA,1,Kepler,55.94
35000439,Escola Exponencial 440,4113700,PR,1,Kepler,69.91
35001112,Centro Educacional Vanguard 1113,2611101,PE,1,Compartilha,53.81
35001011,Liceu Saber 1012,2611606,PE,1,Kepler,60.93
35001094,Liceu Progresso 1095,3303302,RJ,1,Kepler,51.67
35000189,Instituto de Ensino Fênix 190,2304400,CE,1,Uno,69.38
35000222,Academia Nossa Senhora 223,2304400,CE,1,Compartilha,65.18
35000412,Escola Pionero 413,4209102,SC,1,Farias Brito,68.61
35000284,Liceu Nossa Senhora 285,2933307,BA,1,Compartilha,55.68
35001064,Instituto de Ensino Pionero 1065,3136702,MG,1,Uno,56.21
35000704,Centro Educacional Dom Bosco 705,4118204,PR,1,Kepler,59.44
35000156,Liceu Santo Agostinho 157,2304400,CE,1,Kepler,62.03
35000606,Liceu Nossa Senhora 607,4314902,RS,1,Farias Brito,71.33
35001139,Instituto de Ensino Objetivo 1140,4202404,SC,1,Farias Brito,61.34
35000064,Escola Saber 65,2111300,MA,1,Compartilha,55.23
35001195,Colégio Santo Agostinho 1196,3170206,MG,1,Kepler,62.78
35000799,Escola Santa Cruz 800,3170206,MG,1,Compartilha,68.84
35000734,Academia Elite 735,3136702,MG,1,Uno,63.49
35000936,Centro Educacional Albert Einstein 937,4314902,RS,2,Compartilha,52.42
35000043,Liceu Marista 44,4113700,PR,1,Compartilha,61.65
35000350,Centro Educacional Integral 351,2933307,BA,1,Kepler,53.59
35000213,Colégio Santa Cruz 214,4205407,SC,1,Compartilha,58.17
35000207,Escola Anchieta 208,4106902,PR,1,Farias Brito,66.11
35000409,Liceu Santo Agostinho 410,4304606,RS,1,Farias Brito,67.55
35000177,Colégio Alfa 178,4314902,RS,1,Compartilha,61.05
35000743,Academia Pionero 744,4202404,SC,2,Compartilha,60.89
35000728,Colégio Vanguard 729,3549805,SP,1,Farias Brito,59.66
35000356,Academia Integral 357,2313500,CE,1,Kepler,57.73
35000415,Liceu Anchieta 416,2910800,BA,1,Uno,69.01
35000493,Centro Educacional Dom Bosco 494,2111300,MA,1,Uno,64.5
35000975,Instituto de Ensino Marista 976,2927408,BA,2,Uno,66.6
35000055,Instituto de Ensino Santa Cruz 56,2609600,PE,1,Uno,67.61
35000424,Academia Alfa 425,5300108,DF,1,Farias Brito,61.71
35001076,Colégio Alfa 1077,2933307,BA,1,Uno,64.25
35000430,Instituto de Ensino Dom Bosco 431,3509502,SP,1,Kepler,58.5
35000204,Instituto de Ensino Futuro 205,3106200,MG,2,Farias Brito,61.78
35000469,Academia Santa Cruz 470,3170206,MG,1,Kepler,61.35
35000552,Academia Exponencial 553,2304400,CE,1,Kepler,58.43
35000746,Academia Elite 747,2933307,BA,1,Kepler,55.47
35000347,Escola Nossa Senhora 348,4202404,SC,2,Compartilha,66.34
35000484,Academia São José 485,2609600,PE,1,Uno,65.83
35000686,Academia Vanguard 687,2313500,CE,1,Compartilha,56.73
35000353,Colégio Alfa 354,2611101,PE,1,Kepler,53.64
35000186,Centro Educacional Elite 187,2611606,PE,1,Uno,61.53
35000472,Escola Santa Cruz 473,4113700,PR,1,Farias Brito,59.96
35000871,Centro Educacional Integral 872,4304606,RS,1,Kepler,62.85
35000418,Escola Vanguard 419,2609600,PE,1,Uno,60.41
35000445,Centro Educacional Integral 446,4209102,SC,1,Kepler,59.34
35000546,Colégio Vanguard 547,2927408,BA,2,Kepler,59.01
35000808,Instituto de Ensino Albert Einstein 809,4209102,SC,1,Farias Brito,65.25
35000689,Colégio Elite 690,1302603,AM,1,Kepler,64.23
35000603,Academia Vanguard 604,4106902,PR,1,Kepler,59.63
35000406,Centro Educacional Progresso 407,4113700,PR,1,Farias Brito,65.69
35000320,Academia Dom Bosco 321,2611101,PE,1,Kepler,53.57
35000338,Liceu Alfa 339,3136702,MG,1,Kepler,61.58
35000049,Colégio Fênix 50,4209102,SC,1,Kepler,58.95
35000293,Colégio Santa Cruz 294,1302603,AM,1,Uno,72.42
35001073,Academia Exponencial 1074,4202404,SC,1,Kepler,61.56
35000288,Academia Anchieta 289,2304400,CE,1,Kepler,61.91
35000708,Academia Progresso 709,4205407,SC,1,Farias Brito,59.76
35001041,Centro Educacional Elite 1042,2927408,BA,1,Kepler,58.11
35000032,Liceu Nossa Senhora 33,5002704,MS,1,Farias Brito,61.55
35000803,Liceu Dom Bosco 804,4118204,PR,1,Uno,61.39
35000776,Academia Dom Bosco 777,4202404,SC,1,Kepler,66.61
35000532,Instituto de Ensino Albert Einstein 533,3301702,RJ,1,Uno,68.05
35001181,Colégio Pionero 1182,2313500,CE,1,Uno,72.38
35000041,Liceu Albert Einstein 42,3136702,MG,1,Uno,59.01
35001119,Escola Futuro 1120,1501402,PA,1,Uno,65.83
35000818,Centro Educacional Alfa 819,2313500,CE,1,Compartilha,56.03
35000127,Escola Albert Einstein 128,5300108,DF,2,Kepler,48.66
35000398,Centro Educacional Saber 399,3549805,SP,1,Kepler,56.23
35000922,Escola Albert Einstein 923,2111300,MA,1,Uno,58.61
35000651,Instituto de Ensino Nossa Senhora 652,2304400,CE,1,Uno,63.64
35000136,Academia Exponencial 137,3301702,RJ,1,Uno,60.43
35000523,Centro Educacional Albert Einstein 524,5300108,DF,1,Farias Brito,54.0
35000907,Colégio Elite 908,4209102,SC,1,Kepler,59.97
35000202,Colégio São José 203,3301702,RJ,1,Uno,60.95
35000547,Liceu Pionero 548,2910800,BA,1,Uno,64.26
35000723,Liceu Elite 724,1501402,PA,1,Uno,69.34
35000976,Colégio Nossa Senhora 977,2910800,BA,1,Kepler,56.22
35000371,Escola Objetivo 372,3136702,MG,1,Kepler,58.2
35000440,Instituto de Ensino Futuro 441,4118204,PR,1,Compartilha,55.01
35000511,Instituto de Ensino Progresso 512,4209102,SC,1,Farias Brito,64.33
35000437,Colégio Objetivo 438,3136702,MG,1,Uno,64.57
35000303,Instituto de Ensino Santa Cruz 304,3106200,MG,2,Farias Brito,74.8
35001122,Academia Objetivo 1123,3550308,SP,1,Farias Brito,54.18
35000830,Colégio Fênix 831,3303302,RJ,1,Kepler,51.79
35000702,Centro Educacional Santo Agostinho 703,4106902,PR,1,Compartilha,57.09
35000821,Academia São José 822,1302603,AM,1,Kepler,59.8
35000982,Escola Santo Agostinho 983,2304202,CE,1,Kepler,52.31
35000520,Colégio Futuro 521,2304202,CE,1,Uno,62.08
35000690,Academia Elite 691,1501402,PA,1,Uno,70.74
35000854,Escola São José 855,1302603,AM,1,Uno,60.25
35000562,Liceu Progresso 563,3509502,SP,1,Compartilha,50.71
35000836,Instituto de Ensino Elite 837,4118204,PR,1,Compartilha,60.96
35000916,Colégio Elite 917,2304202,CE,1,Kepler,52.34
35001107,Instituto de Ensino São José 1108,2927408,BA,1,Kepler,62.08
35000913,Instituto de Ensino Alfa 914,2609600,PE,1,Compartilha,58.95
35000282,Escola Exponencial 283,2927408,BA,1,Uno,63.91
35000592,Centro Educacional Marista 593,2111300,MA,1,Compartilha,54.11
35001178,Colégio Santo Agostinho 1179,2611101,PE,1,Kepler,51.87
35000264,Instituto de Ensino Futuro 265,3550308,SP,1,Farias Brito,63.78
35000112,Colégio Objetivo 113,4304606,RS,2,Farias Brito,66.51
35000422,Instituto de Ensino Fênix 423,2313500,CE,1,Uno,63.84
35000467,Liceu Marista 468,3303302,RJ,1,Farias Brito,52.23
35000645,Centro Educacional Progresso 646,2927408,BA,1,Kepler,61.52
35000157,Instituto de Ensino Dom Bosco 158,2304202,CE,2,Kepler,53.14
35000919,Academia Dom Bosco 920,5300108,DF,1,Farias Brito,53.16
35000255,Instituto de Ensino Alfa 256,2304400,CE,1,Kepler,57.98
35001113,Liceu Fênix 1114,2304400,CE,1,Uno,67.24
35000458,Academia Santo Agostinho 459,1302603,AM,1,Uno,61.98
35000541,Escola Marista 542,4304606,RS,1,Farias Brito,59.29
35000970,Liceu Exponencial 971,4304606,RS,1,Kepler,63.29
35001053,Academia Anchieta 1054,1501402,PA,1,Kepler,53.91
35000187,Colégio Objetivo 188,2609600,PE,1,Kepler,56.68
35000404,Centro Educacional Anchieta 405,3136702,MG,1,Kepler,60.22
35000294,Colégio Pionero 295,1501402,PA,1,Kepler,58.88
35000047,Centro Educacional Pionero 48,4316907,RS,2,Kepler,62.53
35000898,Instituto de Ensino Pionero 899,3170206,MG,1,Farias Brito,69.69
35000324,Liceu Fênix 325,5208707,GO,1,Farias Brito,61.64
35000062,Academia Saber 63,1302603,AM,1,Uno,65.42
35000246,Liceu Fênix 247,4205407,SC,1,Farias Brito,59.75
35000273,Centro Educacional Progresso 274,4106902,PR,1,Kepler,58.68
35000017,Escola Anchieta 18,4202404,SC,1,Farias Brito,70.52
35000020,Academia Dom Bosco 21,2933307,BA,2,Uno,61.72
35000961,Academia Anchieta 962,3301702,RJ,1,Kepler,58.16
35001047,Escola Santa Cruz 1048,2304400,CE,2,Uno,65.17
35000589,Centro Educacional Alfa 590,5300108,DF,1,Compartilha,47.45
35000544,Liceu Nossa Senhora 545,4209102,SC,1,Kepler,60.19
35000005,Centro Educacional Santa Cruz 6,3303302,RJ,1,Farias Brito,61.84
35000038,Colégio Integral 39,3303302,RJ,1,Farias Brito,59.1
35000595,Academia Nossa Senhora 596,3509502,SP,1,Kepler,57.66
35000687,Academia Saber 688,5208707,GO,1,Farias Brito,60.55
35000300,Academia Dom Bosco 301,3304557,RJ,1,Kepler,59.59
35000663,Instituto de Ensino Santa Cruz 664,3304557,RJ,1,Farias Brito,61.94
35000115,Escola Elite 116,4209102,SC,1,Farias Brito,72.82
35000029,Centro Educacional Santa Cruz 30,1302603,AM,1,Kepler,62.21
35000949,Colégio Progresso 950,2304202,CE,1,Kepler,50.63
35000184,Colégio Vanguard 185,2910800,BA,1,Uno,59.73
35000669,Colégio Progresso 670,4106902,PR,1,Farias Brito,58.28
35000276,Centro Educacional Elite 277,4314902,RS,1,Kepler,55.71
35000383,Escola Santo Agostinho 384,2933307,BA,1,Uno,58.37
35000934,Escola Santo Agostinho 935,4113700,PR,1,Compartilha,67.01
35000169,Centro Educacional Vanguard 170,3301702,RJ,2,Compartilha,57.8
35000955,Liceu Saber 956,2111300,MA,1,Compartilha,62.04
35000705,Instituto de Ensino Saber 706,4314902,RS,1,Kepler,56.67
35000401,Colégio Futuro 402,3303302,RJ,2,Farias Brito,63.5
35000419,Centro Educacional Anchieta 420,2611101,PE,1,Uno,63.57
35000431,Liceu Vanguard 432,3549805,SP,1,Kepler,60.82
35000648,Centro Educacional Albert Einstein 649,2611606,PE,1,Kepler,63.83
35000848,Instituto de Ensino Marista 849,2611101,PE,2,Uno,59.21
35001199,Escola Dom Bosco 1200,4118204,PR,1,Kepler,59.87
35000642,Escola Pionero 643,4205407,SC,1,Farias Brito,69.07
35000074,Liceu Alfa 75,3136702,MG,1,Uno,60.72
35001065,Centro Educacional Nossa Senhora 1066,4106902,PR,1,Compartilha,57.22
35001074,Instituto de Ensino Integral 1075,2927408,BA,1,Uno,60.37
35000857,Instituto de Ensino Integral 858,5002704,MS,1,Uno,60.7
35001190,Centro Educacional Futuro 1191,3549805,SP,1,Farias Brito,71.55
35000261,Centro Educacional Albert Einstein 262,1501402,PA,1,Kepler,60.9
35001029,Centro Educacional Santa Cruz 1030,3106200,MG,1,Compartilha,57.85
35000321,Academia Albert Einstein 322,2304400,CE,1,Kepler,59.03
35000800,Instituto de Ensino Marista 801,3136702,MG,1,Kepler,60.98
35000824,Colégio Progresso 825,5002704,MS,1,Compartilha,71.19
35000901,Academia Marista 902,4113700,PR,1,Farias Brito,66.75
35001169,Colégio Alfa 1170,4316907,RS,2,Uno,63.16
35000145,Academia Nossa Senhora 146,4304606,RS,1,Compartilha,55.85
35000389,Academia Marista 390,2313500,CE,1,Compartilha,57.07
35000693,Colégio Albert Einstein 694,3550308,SP,2,Kepler,56.75
35000636,Escola São José 637,4106902,PR,1,Compartilha,57.45
35000699,Instituto de Ensino Vanguard 700,3106200,MG,1,Kepler,60.14
35000565,Instituto de Ensino São José 566,3301702,RJ,1,Uno,63.84
35000895,Instituto de Ensino Objetivo 896,3301702,RJ,1,Kepler,55.56
35000118,Instituto de Ensino Nossa Senhora 119,2910800,BA,1,Compartilha,51.47
35000380,Escola Anchieta 381,4202404,SC,1,Farias Brito,67.7
35000553,Centro Educacional Marista 554,2304202,CE,1,Kepler,51.13
35000943,Escola Fênix 944,2910800,BA,1,Compartilha,55.17
35001062,Academia Futuro 1063,3106200,MG,1,Farias Brito,68.18
35000443,Centro Educacional Dom Bosco 444,4316907,RS,1,Compartilha,63.41
35001104,Escola Anchieta 1105,4205407,SC,1,Farias Brito,59.13
35000449,Escola Marista 450,2933307,BA,1,Kepler,52.93
35000252,Academia Saber 253,2611606,PE,1,Compartilha,59.16
35001110,Centro Educacional Exponencial 1111,2611606,PE,1,Compartilha,65.58
35000056,Liceu Exponencial 57,2611101,PE,1,Uno,60.49
35000508,Escola Futuro 509,4304606,RS,1,Kepler,63.18
35000151,Colégio Santo Agostinho 152,2910800,BA,1,Compartilha,55.45
35000240,Colégio Santo Agostinho 241,4106902,PR,1,Kepler,59.23
35000330,Liceu Progresso 331,3550308,SP,1,Farias Brito,63.76
35000425,Academia Pionero 426,1302603,AM,1,Compartilha,65.95
35000309,Liceu Saber 310,4314902,RS,1,Farias Brito,64.5
35001172,Escola Anchieta 1173,4202404,SC,1,Kepler,61.71
35000931,Instituto de Ensino Fênix 932,3170206,MG,1,Compartilha,59.79
35000654,Academia Exponencial 655,5208707,GO,1,Kepler,66.38
35000407,Centro Educacional Objetivo 408,4118204,PR,1,Uno,56.91
35000773,Instituto de Ensino Nossa Senhora 774,4316907,RS,1,Uno,58.3
35001092,Academia São José 1093,3304557,RJ,1,Farias Brito,66.66
35000797,Liceu Marista 798,3303302,RJ,1,Kepler,52.29
35000845,Colégio Integral 846,2933307,BA,1,Compartilha,53.64
35000538,Centro Educacional Pionero 539,4113700,PR,1,Kepler,68.42
35000988,Colégio Fênix 989,2111300,MA,1,Uno,71.3
35000175,Centro Educacional Pionero 176,4113700,PR,1,Kepler,68.53
35000190,Centro Educacional Alfa 191,2304202,CE,1,Compartilha,51.11
35000011,Liceu Saber 12,4118204,PR,1,Uno,57.47
35000181,Colégio Nossa Senhora 182,4209102,SC,1,Compartilha,57.97
35000559,Colégio Integral 560,2111300,MA,1,Kepler,62.56
35000639,Colégio Vanguard 640,4314902,RS,1,Kepler,57.84
35000374,Liceu Marista 375,4118204,PR,1,Uno,56.28
35001056,Academia Albert Einstein 1057,3550308,SP,1,Farias Brito,62.57
35001116,Colégio Futuro 1117,5208707,GO,1,Farias Brito,66.36
35000243,Escola Marista 244,4314902,RS,1,Kepler,60.54
35000928,Academia Santo Agostinho 929,3301702,RJ,1,Compartilha,58.39
35000428,Academia Futuro 429,5002704,MS,1,Uno,60.14
35000726,Liceu Pionero 727,3550308,SP,1,Farias Brito,65.53
35000851,Centro Educacional Saber 852,2313500,CE,1,Uno,60.83
35000720,Instituto de Ensino Dom Bosco 721,5208707,GO,1,Compartilha,61.52
35000660,Centro Educacional Alfa 661,3550308,SP,1,Kepler,61.03
35000050,Centro Educacional Objetivo 51,4202404,SC,1,Compartilha,55.42
35000839,Colégio Elite 840,4316907,RS,1,Kepler,63.53
35000464,Colégio São José 465,3549805,SP,1,Farias Brito,60.86
35000258,Academia Santo Agostinho 259,5208707,GO,1,Kepler,66.43
35000785,Instituto de Ensino Vanguard 786,2313500,CE,1,Uno,66.66
35000633,Academia Elite 634,3106200,MG,1,Farias Brito,76.26
35000133,Escola Saber 134,3509502,SP,1,Kepler,60.05
35001184,Centro Educacional Futuro 1185,1302603,AM,1,Uno,61.86
35000910,Liceu São José 911,2910800,BA,1,Uno,65.23
35001026,Colégio Elite 1027,3304557,RJ,1,Compartilha,56.76
35000416,Centro Educacional Albert Einstein 417,2933307,BA,1,Uno,59.0
35000154,Centro Educacional Progresso 155,2609600,PE,1,Compartilha,58.12
35000729,Academia Nossa Senhora 730,3304557,RJ,1,Kepler,56.25
35000583,Escola São José 584,2609600,PE,1,Kepler,58.66
35000014,Academia Nossa Senhora 15,4316907,RS,1,Uno,59.24
35001089,Escola Albert Einstein 1090,3550308,SP,1,Farias Brito,72.0
35001095,Escola Marista 1096,3106200,MG,2,Compartilha,52.97
35000940,Instituto de Ensino Pionero 941,4209102,SC,1,Farias Brito,67.32
35000964,Escola Pionero 965,3170206,MG,1,Compartilha,63.66
35001059,Colégio Vanguard 1060,3304557,RJ,1,Compartilha,62.41
35000312,Academia Alfa 313,4205407,SC,2,Farias Brito,59.32
35000434,Liceu Alfa 435,3303302,RJ,2,Kepler,52.28
35001175,Instituto de Ensino Santa Cruz 1176,2933307,BA,1,Uno,61.16
35000502,Liceu Vanguard 503,3170206,MG,1,Kepler,67.1
35001193,Instituto de Ensino Progresso 1194,3303302,RJ,1,Compartilha,51.7
35000711,Colégio Objetivo 712,2927408,BA,1,Uno,62.34
35000044,Academia Elite 45,4118204,PR,1,Kepler,62.49
35000109,Instituto de Ensino Fênix 110,4113700,PR,1,Kepler,59.79
35000452,Instituto de Ensino São José 453,2611101,PE,1,Kepler,51.27
35000556,Escola Santa Cruz 557,5300108,DF,1,Farias Brito,59.17
35001101,Escola Marista 1102,4314902,RS,1,Farias Brito,66.57
35000666,Academia São José 667,3106200,MG,2,Compartilha,59.43
35000925,Centro Educacional Saber 926,3509502,SP,1,Compartilha,62.42
35000053,Colégio Marista 54,2933307,BA,1,Kepler,52.54
35000946,Centro Educacional Pionero 947,2609600,PE,1,Uno,55.44
35001163,Liceu Santo Agostinho 1164,3136702,MG,1,Uno,58.96
35000904,Centro Educacional Nossa Senhora 905,4304606,RS,1,Kepler,65.31
35000717,Centro Educacional Progresso 718,2304400,CE,1,Compartilha,57.77
35000586,Centro Educacional Santa Cruz 587,2304202,CE,1,Uno,52.28
35000071,Instituto de Ensino Alfa 72,3303302,RJ,1,Farias Brito,60.95
35000860,Academia Dom Bosco 861,3549805,SP,1,Farias Brito,63.48
35000285,Instituto de Ensino Integral 286,2611606,PE,1,Uno,66.97
35001050,Academia Saber 1051,5208707,GO,1,Farias Brito,61.53
35001044,Instituto de Ensino Anchieta 1045,2611606,PE,1,Uno,63.3
35000657,Instituto de Ensino Integral 658,1501402,PA,1,Uno,67.38
35001086,Liceu Fênix 1087,1501402,PA,1,Kepler,60.94
35000333,Centro Educacional Alfa 334,3304557,RJ,1,Farias Brito,64.17
35000297,Liceu Futuro 298,3550308,SP,1,Farias Brito,56.9
35001068,Academia Santa Cruz 1069,4314902,RS,1,Farias Brito,77.65
35000178,Colégio Elite 179,4304606,RS,1,Kepler,58.65
35000446,Colégio Progresso 447,4202404,SC,1,Farias Brito,64.49
35000196,Academia Albert Einstein 197,2111300,MA,2,Uno,69.1
35001077,Escola Pionero 1078,2611606,PE,1,Kepler,64.74
35000461,Escola Futuro 462,5002704,MS,1,Kepler,65.96
35001166,Instituto de Ensino Integral 1167,4118204,PR,1,Compartilha,70.09
35000130,Colégio São José 131,2111300,MA,1,Compartilha,59.04
35000767,Centro Educacional Albert Einstein 768,3136702,MG,1,Compartilha,64.21
35000172,Colégio Objetivo 173,3170206,MG,1,Farias Brito,72.2
35000455,Colégio Progresso 456,2313500,CE,1,Kepler,58.23
35000139,Academia Fênix 140,3170206,MG,1,Farias Brito,68.2
35000779,Academia Dom Bosco 780,2933307,BA,1,Kepler,53.72
35000696,Colégio Nossa Senhora 697,3304557,RJ,1,Kepler,58.45
35001083,Academia Santo Agostinho 1084,5208707,GO,1,Kepler,58.54
35001080,Colégio Alfa 1081,2304400,CE,1,Kepler,57.49
35000002,Liceu Dom Bosco 3,3549805,SP,1,Kepler,59.73
35000142,Escola São José 143,4113700,PR,1,Kepler,64.49
35000967,Instituto de Ensino Santo Agostinho 968,4113700,PR,1,Farias Brito,54.86
35000008,Escola Objetivo 9,3136702,MG,1,Compartilha,64.92
35000059,Escola Futuro 60,2313500,CE,1,Kepler,57.82
35000812,Academia Saber 813,2933307,BA,1,Kepler,54.27
35000598,Liceu São José 599,3301702,RJ,1,Uno,59.41
35000568,Centro Educacional São José 569,3170206,MG,2,Farias Brito,65.85
35000148,Instituto de Ensino Fênix 149,4209102,SC,1,Farias Brito,69.14
35000794,Instituto de Ensino Progresso 795,3549805,SP,1,Kepler,57.23
35000386,Liceu Progresso 387,2611101,PE,1,Uno,63.8
35000529,Colégio Pionero 530,3509502,SP,1,Farias Brito,76.64
35000675,Liceu Pionero 676,4205407,SC,2,Farias Brito,59.57
35000788,Colégio Nossa Senhora 789,1302603,AM,1,Kepler,58.21
35000199,Academia Vanguard 200,3509502,SP,1,Kepler,60.6
35001035,Centro Educacional Exponencial 1036,4314902,RS,1,Compartilha,56.31
35000714,Colégio Marista 715,2611606,PE,1,Uno,71.43
35000574,Academia Elite 575,4304606,RS,1,Kepler,63.76
35000842,Colégio Marista 843,4202404,SC,1,Compartilha,68.43
35001187,Instituto de Ensino Pionero 1188,5002704,MS,1,Compartilha,68.81
35000991,Academia Albert Einstein 992,3509502,SP,1,Farias Brito,62.88
35001196,Liceu Futuro 1197,3136702,MG,1,Uno,67.17
35000985,Liceu Vanguard 986,5300108,DF,1,Farias Brito,53.14
35000395,Liceu Integral 396,5002704,MS,1,Compartilha,72.64
35000678,Liceu Saber 679,2927408,BA,1,Uno,57.0
35000336,Liceu Anchieta 337,3106200,MG,1,Farias Brito,64.19
35000392,Instituto de Ensino Marista 393,1302603,AM,1,Kepler,61.68
35000279,Colégio São José 280,4205407,SC,1,Farias Brito,63.45
35000166,Escola Alfa 167,3509502,SP,1,Farias Brito,62.1
35000526,Academia Fênix 527,2111300,MA,1,Uno,73.48
35000267,Academia Santa Cruz 268,3304557,RJ,1,Kepler,62.77
35001038,Instituto de Ensino Pionero 1039,4205407,SC,1,Compartilha,60.19
35000979,Liceu Nossa Senhora 980,2609600,PE,1,Uno,71.1
35000121,Academia Santa Cruz 122,2609600,PE,1,Compartilha,57.15
35000193,Academia Anchieta 194,5300108,DF,1,Kepler,48.87
35000571,Academia Vanguard 572,4113700,PR,1,Kepler,62.32
35000815,Colégio Progresso 816,2611101,PE,1,Kepler,54.44
35000124,Colégio Integral 125,2304202,CE,2,Uno,70.11
35000205,Colégio Progresso 206,3170206,MG,1,Compartilha,58.88
35000937,Centro Educacional Integral 938,4304606,RS,1,Farias Brito,59.94
35000764,Liceu Objetivo 765,3303302,RJ,1,Farias Brito,67.06
35000291,Escola Alfa 292,5208707,GO,1,Farias Brito,64.04
35000163,Centro Educacional Albert Einstein 164,2111300,MA,1,Kepler,61.83
35000833,Colégio Saber 834,3136702,MG,1,Uno,62.15
35000791,Instituto de Ensino Saber 792,5002704,MS,1,Kepler,65.51
35000806,Centro Educacional Futuro 807,4316907,RS,1,Uno,58.35
35000065,Liceu Alfa 66,5002704,MS,1,Uno,56.58
35000270,Colégio Progresso 271,3106200,MG,1,Kepler,60.94
35000327,Instituto de Ensino Santa Cruz 328,1501402,PA,1,Uno,58.82
35001032,Colégio Anchieta 1033,4106902,PR,1,Kepler,54.98
35000505,Instituto de Ensino Integral 506,4113700,PR,1,Compartilha,61.03
35000517,Liceu São José 518,2609600,PE,1,Uno,60.91
35000377,Liceu Saber 378,4316907,RS,1,Kepler,59.56
35000684,Liceu São José 685,2304400,CE,1,Compartilha,62.48
35000035,Liceu Alfa 36,3549805,SP,1,Compartilha,56.08
35000958,Liceu Alfa 959,3509502,SP,2,Farias Brito,67.22
35000410,Liceu Integral 411,4316907,RS,1,Kepler,65.35
35001160,Centro Educacional Exponencial 1161,3303302,RJ,1,Farias Brito,57.15
35000318,Liceu Marista 319,2611606,PE,1,Kepler,67.04
35000026,Academia Marista 27,2313500,CE,1,Uno,66.11
35000827,Instituto de Ensino São José 828,3549805,SP,1,Farias Brito,80.11
35000535,Instituto de Ensino Progresso 536,3170206,MG,1,Compartilha,64.96
35000672,Escola Integral 673,4314902,RS,1,Kepler,60.49
35001071,Academia Futuro 1072,4205407,SC,2,Compartilha,58.51
35000770,Instituto de Ensino Elite 771,4118204,PR,1,Uno,62.3
35000315,Centro Educacional Saber 316,2927408,BA,1,Kepler,57.93
35000952,Colégio Santa Cruz 953,5300108,DF,1,Kepler,49.1
35000580,Colégio Albert Einstein 581,2910800,BA,1,Compartilha,56.71
35000809,Centro Educacional Albert Einstein 810,4202404,SC,1,Farias Brito,70.17
35000681,Instituto de Ensino Albert Einstein 682,2611606,PE,1,Compartilha,62.32
35000160,Colégio Progresso 161,5300108,DF,1,Kepler,48.42
35000577,Academia Objetivo 578,4209102,SC,1,Farias Brito,57.18
35000413,Colégio Santa Cruz 414,4202404,SC,1,Farias Brito,64.44
35000249,Centro Educacional Progresso 250,2927408,BA,1,Compartilha,61.43
35000023,Liceu Albert Einstein 24,2611101,PE,1,Compartilha,55.34
35001098,Instituto de Ensino Exponencial 1099,4106902,PR,1,Compartilha,60.85
35000306,Escola Futuro 307,4106902,PR,1,Kepler,60.02
35000514,Centro Educacional Marista 515,2910800,BA,1,Kepler,53.05
35000068,Academia Nossa Senhora 69,3549805,SP,1,Kepler,56.08
35000782,Centro Educacional São José 783,2611101,PE,1,Compartilha,52.83
35000550,Escola Anchieta 551,2609600,PE,1,Uno,66.2
35000973,Escola Objetivo 974,4209102,SC,1,Farias Brito,76.43
35000021,Academia Marista 22,2611606,PE,1,Compartilha,65.2
35000563,Escola Vanguard 564,3549805,SP,1,Kepler,58.18
35000601,Academia Exponencial 602,3170206,MG,1,Kepler,59.72
35000241,Liceu Saber 242,4113700,PR,1,Farias Brito,56.72
35000220,Colégio Albert Einstein 221,2609600,PE,1,Uno,55.32
35000271,Colégio Integral 272,3170206,MG,1,Kepler,60.0
35000518,Colégio Futuro 519,2611101,PE,1,Compartilha,52.81
35000875,Colégio Exponencial 876,4202404,SC,1,Farias Brito,64.08
35001066,Centro Educacional São José 1067,4113700,PR,1,Farias Brito,69.75
35001069,Colégio Pionero 1070,4304606,RS,1,Kepler,58.73
35000765,Academia Integral 766,3106200,MG,1,Farias Brito,71.34
35001087,Instituto de Ensino Albert Einstein 1088,2111300,MA,1,Kepler,59.0
35000381,Academia Anchieta 382,2927408,BA,1,Uno,65.19
35000566,Centro Educacional São José 567,3303302,RJ,1,Farias Brito,65.15
35000098,Colégio Dom Bosco 99,5002704,MS,1,Uno,59.63
35000521,Instituto de Ensino São José 522,2313500,CE,2,Uno,71.41
35001075,Liceu Fênix 1076,2910800,BA,1,Kepler,56.48
35000926,Colégio Albert Einstein 927,3549805,SP,1,Kepler,58.18
35000012,Academia Anchieta 13,4314902,RS,1,Farias Brito,67.29
35000536,Colégio Nossa Senhora 537,3136702,MG,1,Kepler,62.36
35000905,Colégio São José 906,4316907,RS,1,Compartilha,68.99
35001042,Escola Santo Agostinho 1043,2910800,BA,1,Uno,56.99
35000896,Academia Fênix 897,3303302,RJ,1,Farias Brito,54.97
35001146,Colégio Dom Bosco 1147,2304400,CE,1,Uno,76.89
35000131,Instituto de Ensino Marista 132,5002704,MS,1,Kepler,61.61
35000872,Centro Educacional Santo Agostinho 873,4316907,RS,1,Kepler,61.71
35000298,Academia Albert Einstein 299,3509502,SP,1,Farias Brito,73.29
35000402,Instituto de Ensino Vanguard 403,3106200,MG,1,Kepler,63.19
35000411,Academia Saber 412,4205407,SC,2,Farias Brito,63.12
35000125,Centro Educacional Marista 126,2313500,CE,1,Kepler,57.14
35000548,Academia Albert Einstein 549,2933307,BA,1,Kepler,53.58
35000768,Colégio Objetivo 769,4106902,PR,1,Farias Brito,69.89
35000551,Instituto de Ensino Albert Einstein 552,2611101,PE,1,Uno,66.21
35000304,Academia Nossa Senhora 305,3170206,MG,1,Kepler,60.36
35000640,Academia Progresso 641,4304606,RS,1,Kepler,63.86
35000086,Liceu Futuro 87,2933307,BA,1,Uno,69.48
35000214,Centro Educacional Santa Cruz 215,4209102,SC,2,Kepler,55.86
35000339,Instituto de Ensino Pionero 340,4106902,PR,1,Farias Brito,69.56
35001009,Academia Anchieta 1010,2910800,BA,1,Uno,66.46
35001081,Instituto de Ensino Vanguard 1082,2304202,CE,1,Kepler,53.35
35000950,Academia São José 951,2313500,CE,1,Kepler,54.84
35001158,Liceu São José 1159,3304557,RJ,1,Kepler,63.22
35000119,Instituto de Ensino Santo Agostinho 120,2933307,BA,1,Kepler,55.8
35000283,Instituto de Ensino Elite 284,2910800,BA,1,Compartilha,51.97
35000554,Instituto de Ensino Vanguard 555,2313500,CE,1,Uno,64.44
35000488,Academia Pionero 489,2313500,CE,1,Kepler,56.49
35000089,Instituto de Ensino Marista 90,2611101,PE,1,Kepler,53.82
35000866,Academia Objetivo 867,3136702,MG,1,Uno,63.31
35000676,Escola Futuro 677,4209102,SC,1,Farias Brito,78.63
35000295,Liceu Dom Bosco 296,2111300,MA,1,Kepler,57.78
35000780,Instituto de Ensino Progresso 781,2611606,PE,1,Kepler,64.87
35000771,Instituto de Ensino Integral 772,4314902,RS,1,Kepler,56.73
35000173,Academia Marista 174,3136702,MG,1,Uno,69.11
35000994,Centro Educacional Saber 995,3301702,RJ,1,Uno,61.47
35000354,Liceu Pionero 355,2304400,CE,1,Uno,61.78
35000777,Centro Educacional Saber 778,2927408,BA,1,Compartilha,65.22
35001185,Centro Educacional Futuro 1186,1501402,PA,1,Uno,68.76
35000506,Centro Educacional Marista 507,4118204,PR,1,Compartilha,67.25
35000479,Liceu Dom Bosco 480,4202404,SC,1,Kepler,58.55
35000762,Liceu Pionero 763,3304557,RJ,1,Farias Brito,63.58
35001128,Centro Educacional Vanguard 1129,3106200,MG,1,Farias Brito,71.72
35000167,Instituto de Ensino Marista 168,3549805,SP,1,Kepler,57.73
35000735,Colégio Exponencial 736,4106902,PR,1,Compartilha,56.42
35000759,Liceu Integral 760,3550308,SP,1,Farias Brito,69.64
35000670,Colégio Progresso 671,4113700,PR,1,Kepler,64.94
35000863,Liceu Santa Cruz 864,3303302,RJ,1,Farias Brito,65.29
35000649,Escola Progresso 650,2609600,PE,1,Uno,71.07
35000634,Escola Marista 635,3170206,MG,1,Compartilha,61.99
35001015,Instituto de Ensino Progresso 1016,2304202,CE,1,Kepler,51.16
35000259,Colégio São José 260,5300108,DF,1,Kepler,47.45
35001045,Colégio São José 1046,2609600,PE,1,Uno,64.92
35000357,Escola Anchieta 358,5208707,GO,1,Kepler,63.68
35000789,Escola Albert Einstein 790,1501402,PA,1,Kepler,61.91
35001149,Colégio Nossa Senhora 1150,5208707,GO,1,Kepler,64.91
35000613,Academia Pionero 614,2910800,BA,1,Kepler,54.65
35000155,Colégio Saber 156,2611101,PE,1,Uno,66.23
35000268,Instituto de Ensino Anchieta 269,3301702,RJ,1,Uno,61.64
35000604,Academia Marista 605,4113700,PR,1,Farias Brito,68.41
35000042,Liceu Objetivo 43,4106902,PR,1,Kepler,56.56
35000899,Liceu Objetivo 900,3136702,MG,1,Kepler,61.28
35000208,Centro Educacional Nossa Senhora 209,4113700,PR,1,Farias Brito,59.95
35000274,Academia Saber 275,4113700,PR,1,Kepler,64.96
35000878,Centro Educacional Exponencial 879,2933307,BA,1,Uno,60.82
35000938,Colégio Progresso 939,4316907,RS,1,Uno,58.47
35000694,Centro Educacional Saber 695,3509502,SP,1,Kepler,59.69
35000033,Liceu Dom Bosco 34,3550308,SP,1,Farias Brito,70.57
35001033,Centro Educacional Saber 1034,4113700,PR,1,Compartilha,59.74
35000804,Liceu Objetivo 805,4314902,RS,2,Kepler,57.75
35000426,Centro Educacional Santa Cruz 427,1501402,PA,1,Kepler,58.85
35001137,Escola Integral 1138,4205407,SC,1,Kepler,52.05
35000342,Academia Exponencial 343,4314902,RS,1,Kepler,64.25
35000092,Escola Exponencial 93,2313500,CE,1,Uno,69.47
35000741,Escola Dom Bosco 742,4205407,SC,1,Kepler,55.44
35000211,Liceu Elite 212,4304606,RS,1,Kepler,64.75
35000247,Centro Educacional Vanguard 248,4209102,SC,1,Farias Brito,69.24
35000262,Colégio Vanguard 263,2111300,MA,1,Kepler,61.81
35000223,Liceu Objetivo 224,2304202,CE,2,Kepler,51.25
35000152,Centro Educacional Exponencial 153,2933307,BA,1,Kepler,55.48
35000003,Escola Vanguard 4,3304557,RJ,1,Farias Brito,61.57
35000134,Escola Nossa Senhora 135,3549805,SP,1,Farias Brito,68.4
35000470,Escola Dom Bosco 471,3136702,MG,2,Uno,61.2
35000348,Centro Educacional Progresso 349,2927408,BA,1,Uno,64.48
35000473,Instituto de Ensino Fênix 474,4118204,PR,1,Kepler,59.86
35000286,Academia Exponencial 287,2609600,PE,1,Kepler,54.28
35000515,Liceu Albert Einstein 516,2933307,BA,1,Kepler,54.8
35000661,Instituto de Ensino Objetivo 662,3509502,SP,1,Kepler,56.92
35000902,Instituto de Ensino Santo Agostinho 903,4118204,PR,2,Compartilha,59.21
35000738,Escola São José 739,4314902,RS,1,Compartilha,55.62
35000744,Academia Dom Bosco 745,2927408,BA,1,Uno,61.2
35001176,Liceu Alfa 1177,2611606,PE,1,Kepler,60.59
35001063,Colégio Santo Agostinho 1064,3170206,MG,2,Compartilha,55.03
35000435,Academia Elite 436,3106200,MG,2,Compartilha,54.25
35000786,Colégio Integral 787,5208707,GO,2,Compartilha,60.65
35000822,Escola Vanguard 823,1501402,PA,2,Kepler,61.34
35000914,Instituto de Ensino Progresso 915,2611101,PE,1,Uno,58.84
35000095,Liceu Progresso 96,1302603,AM,1,Uno,65.2
35001039,Liceu Progresso 1040,4209102,SC,1,Farias Brito,63.87
35001191,Colégio Nossa Senhora 1192,3304557,RJ,1,Kepler,58.74
35000289,Colégio Objetivo 290,2304202,CE,1,Uno,67.63
35000405,Liceu São José 406,4106902,PR,1,Kepler,56.14
35000643,Centro Educacional Objetivo 644,4209102,SC,1,Farias Brito,69.39
35001024,Liceu Vanguard 1025,3509502,SP,2,Kepler,55.49
35000280,Instituto de Ensino Fênix 281,4209102,SC,1,Kepler,56.51
35000500,Centro Educacional Pionero 501,3303302,RJ,1,Farias Brito,62.55
35000107,Colégio Exponencial 108,3136702,MG,1,Kepler,59.97
35000512,Escola Vanguard 513,4202404,SC,1,Farias Brito,64.29
35001084,Academia Anchieta 1085,5300108,DF,1,Farias Brito,59.2
35000149,Instituto de Ensino Anchieta 150,4202404,SC,1,Compartilha,57.04
35000229,Academia Alfa 230,2111300,MA,1,Kepler,64.04
35000646,Escola Alfa 647,2910800,BA,1,Compartilha,55.84
35000009,Escola Vanguard 10,4106902,PR,1,Farias Brito,76.46
35000030,Escola Objetivo 31,1501402,PA,1,Uno,64.55
35000956,Centro Educacional Integral 957,5002704,MS,1,Uno,59.04
35000679,Liceu São José 680,2910800,BA,1,Kepler,52.41
35000396,Liceu Objetivo 397,3550308,SP,1,Farias Brito,64.8
35000217,Instituto de Ensino Albert Einstein 218,2910800,BA,1,Uno,52.95
35000539,Centro Educacional Saber 540,4118204,PR,1,Kepler,66.38
35000953,Escola Santo Agostinho 954,1302603,AM,1,Kepler,61.29
35000387,Academia Vanguard 388,2304400,CE,1,Uno,66.55
35000810,Colégio Santo Agostinho 811,2927408,BA,1,Kepler,57.98
35000104,Instituto de Ensino Dom Bosco 105,3303302,RJ,1,Compartilha,45.5
35000631,Centro Educacional Progresso 632,3301702,RJ,1,Kepler,55.18
35001152,Liceu Albert Einstein 1153,1501402,PA,1,Uno,67.24
35000491,Liceu Dom Bosco 492,1302603,AM,1,Kepler,59.47
35001167,Colégio Dom Bosco 1168,4314902,RS,1,Compartilha,56.59
35001012,Instituto de Ensino Anchieta 1013,2609600,PE,1,Uno,54.3
35000235,Instituto de Ensino Pionero 236,3301702,RJ,1,Uno,68.36
35000375,Liceu Elite 376,4314902,RS,1,Kepler,61.45
35000997,Centro Educacional Elite 998,3170206,MG,1,Farias Brito,66.48
35001006,Instituto de Ensino Elite 1007,4209102,SC,1,Kepler,56.99
35000146,Academia Exponencial 147,4316907,RS,1,Compartilha,74.7
35001072,Escola Dom Bosco 1073,4209102,SC,1,Kepler,52.78
35001188,Liceu Saber 1189,3550308,SP,1,Farias Brito,74.84
35000351,Instituto de Ensino Anchieta 352,2611606,PE,1,Compartilha,57.16
35000378,Liceu Saber 379,4205407,SC,1,Compartilha,56.18
35000432,Colégio Santa Cruz 433,3304557,RJ,1,Farias Brito,76.45
35000673,Centro Educacional Alfa 674,4304606,RS,1,Farias Brito,73.46
35000664,Centro Educacional Fênix 665,3301702,RJ,1,Kepler,57.31
35000158,Colégio Santa Cruz 159,2313500,CE,1,Kepler,57.23
35000399,Centro Educacional Fênix 400,3304557,RJ,1,Farias Brito,62.27
35000685,Centro Educacional Integral 686,2304202,CE,1,Uno,59.72
35000545,Academia Progresso 546,4202404,SC,1,Kepler,64.82
35000542,Liceu Anchieta 543,4316907,RS,1,Farias Brito,59.31
35000360,Colégio Saber 361,1501402,PA,1,Kepler,56.5
35000691,Liceu Vanguard 692,2111300,MA,1,Compartilha,60.26
35000756,Instituto de Ensino Dom Bosco 757,1501402,PA,1,Kepler,56.0
35001182,Liceu Pionero 1183,5208707,GO,1,Kepler,62.34
35001021,Liceu Pionero 1022,2111300,MA,1,Kepler,60.85
35000232,Instituto de Ensino Santa Cruz 233,3509502,SP,1,Farias Brito,74.33
35000667,Escola Objetivo 668,3170206,MG,1,Kepler,64.46
35000039,Centro Educacional Santo Agostinho 40,3106200,MG,1,Kepler,58.07
35000616,Academia Integral 617,2609600,PE,1,Uno,68.58
35000363,Centro Educacional Dom Bosco 364,3550308,SP,1,Compartilha,64.15
35000423,Colégio Santo Agostinho 424,5208707,GO,1,Kepler,59.21
35000143,Academia Objetivo 144,4118204,PR,1,Compartilha,56.7
35000798,Colégio São José 799,3106200,MG,1,Farias Brito,65.76
35000494,Liceu Pionero 495,5002704,MS,1,Compartilha,62.93
35000408,Centro Educacional Anchieta 409,4314902,RS,1,Farias Brito,71.66
35000113,Instituto de Ensino Anchieta 114,4316907,RS,1,Compartilha,57.74
35000655,Centro Educacional Vanguard 656,5300108,DF,1,Farias Brito,50.34
35000959,Escola Elite 960,3549805,SP,1,Compartilha,60.96
35000524,Liceu Progresso 525,1302603,AM,1,Compartilha,72.94
35000747,Liceu Anchieta 748,2611606,PE,1,Uno,58.15
35001140,Colégio Alfa 1141,2927408,BA,1,Uno,66.13
35000226,Instituto de Ensino Nossa Senhora 227,5300108,DF,1,Farias Brito,51.42
35000000,Centro Educacional Saber 1,3550308,SP,1,Farias Brito,66.86
35001170,Academia Albert Einstein 1171,4205407,SC,1,Farias Brito,64.45
35000083,Liceu Nossa Senhora 84,4202404,SC,1,Kepler,59.89
35000732,Academia Dom Bosco 733,3106200,MG,1,Farias Brito,68.85
35000128,Centro Educacional Dom Bosco 129,1302603,AM,1,Uno,59.43
35000610,Colégio Marista 611,4209102,SC,1,Kepler,60.04
35000345,Instituto de Ensino Elite 346,4205407,SC,1,Kepler,56.61
35000503,Instituto de Ensino Anchieta 504,3136702,MG,1,Uno,60.57
35000795,Liceu Albert Einstein 796,3304557,RJ,1,Compartilha,56.72
35001057,Centro Educacional Integral 1058,3509502,SP,1,Compartilha,56.87
35000476,Liceu Anchieta 477,4316907,RS,1,Kepler,69.1
35000170,Escola Santa Cruz 171,3303302,RJ,1,Farias Brito,57.54
35001125,Liceu Marista 1126,3304557,RJ,1,Kepler,62.87
35000027,Colégio Nossa Senhora 28,5208707,GO,1,Farias Brito,63.2
35000887,Academia Anchieta 888,1302603,AM,1,Uno,63.53
35001090,Centro Educacional Dom Bosco 1091,3509502,SP,1,Kepler,61.17
35001173,Escola Fênix 1174,2927408,BA,1,Compartilha,62.91
35000018,Centro Educacional Progresso 19,2927408,BA,1,Kepler,61.07
35000527,Academia Anchieta 528,5002704,MS,1,Kepler,65.1
35000932,Escola Pionero 933,3136702,MG,1,Uno,55.91
35001000,Academia São José 1001,4113700,PR,1,Farias Brito,64.75
35000238,Instituto de Ensino Objetivo 239,3170206,MG,1,Farias Brito,67.29
35001036,Escola Progresso 1037,4304606,RS,1,Farias Brito,67.1
35000161,Escola Anchieta 162,1302603,AM,1,Kepler,61.97
35000080,Centro Educacional Fênix 81,4316907,RS,1,Farias Brito,61.52
35000533,Centro Educacional Nossa Senhora 534,3303302,RJ,1,Farias Brito,64.55
35000164,Centro Educacional Anchieta 165,5002704,MS,1,Kepler,63.34
35000015,Escola Pionero 16,4205407,SC,1,Compartilha,51.78
35000429,Liceu Dom Bosco 430,3550308,SP,2,Kepler,61.0
35000393,Escola São José 394,1501402,PA,2,Compartilha,64.83
35000622,Liceu Dom Bosco 623,5300108,DF,1,Compartilha,47.49
35000637,Centro Educacional Vanguard 638,4113700,PR,1,Kepler,58.76
35000774,Academia Dom Bosco 775,4205407,SC,1,Farias Brito,64.49
35000110,Instituto de Ensino Pionero 111,4118204,PR,1,Kepler,66.23
35000825,Liceu Alfa 826,3550308,SP,1,Farias Brito,65.11
35000265,Centro Educacional São José 266,3509502,SP,1,Farias Brito,71.81
35000792,Academia Saber 793,3550308,SP,1,Farias Brito,63.32
35000920,Escola Marista 921,1302603,AM,1,Uno,60.52
35000414,Academia Fênix 415,2927408,BA,1,Uno,66.93
35000116,Instituto de Ensino Albert Einstein 117,4202404,SC,1,Compartilha,54.69
35000688,Colégio Elite 689,5300108,DF,2,Farias Brito,62.01
35000366,Academia Objetivo 367,3304557,RJ,1,Farias Brito,67.02
35000628,Colégio Marista 629,3509502,SP,1,Farias Brito,71.32
35001179,Academia Fênix 1180,2304400,CE,2,Uno,65.53
35000301,Academia Albert Einstein 302,3301702,RJ,2,Uno,61.83
35000816,Liceu Futuro 817,2304400,CE,1,Kepler,56.05
35000783,Escola Elite 784,2304400,CE,1,Kepler,60.23
35000509,Instituto de Ensino Vanguard 510,4316907,RS,1,Compartilha,75.43
35000929,Liceu Anchieta 930,3303302,RJ,1,Farias Brito,48.09
35001027,Instituto de Ensino Albert Einstein 1028,3301702,RJ,1,Compartilha,54.81
35001048,Escola Futuro 1049,2304202,CE,2,Uno,64.38
35000911,Centro Educacional Saber 912,2933307,BA,1,Uno,64.9
35000372,Colégio Santa Cruz 373,4106902,PR,1,Kepler,59.9
35000935,Centro Educacional Nossa Senhora 936,4118204,PR,1,Compartilha,64.58
35000390,Colégio São José 391,5208707,GO,1,Kepler,64.96
35000884,Instituto de Ensino Integral 885,2313500,CE,1,Uno,72.49
35000923,Escola Alfa 924,5002704,MS,1,Farias Brito,60.66
35000947,Academia Dom Bosco 948,2611101,PE,2,Kepler,51.21
35000560,Colégio Fênix 561,5002704,MS,1,Compartilha,74.76
35000944,Centro Educacional Elite 945,2933307,BA,1,Kepler,55.61
35000881,Centro Educacional Anchieta 882,2611101,PE,1,Uno,57.99
35001060,Academia Anchieta 1061,3301702,RJ,1,Uno,62.23
35000607,Escola Fênix 608,4304606,RS,1,Compartilha,60.82
35000652,Academia Objetivo 653,2304202,CE,1,Kepler,54.32
35000485,Escola Alfa 486,2611101,PE,1,Uno,61.37
35000908,Instituto de Ensino Alfa 909,4202404,SC,1,Farias Brito,75.98
35001078,Academia Objetivo 1079,2609600,PE,1,Uno,61.25
35001131,Instituto de Ensino Elite 1132,4106902,PR,2,Kepler,59.46
35001003,Centro Educacional Integral 1004,4304606,RS,1,Kepler,61.64
35000753,Instituto de Ensino Exponencial 754,5208707,GO,2,Farias Brito,63.85
35000122,Academia Fênix 123,2611101,PE,1,Kepler,53.04
35000256,Escola Progresso 257,2304202,CE,1,Uno,68.9
35000801,Liceu Exponencial 802,4106902,PR,1,Farias Brito,71.92
35000869,Colégio Vanguard 870,4118204,PR,1,Uno,60.41
35001054,Instituto de Ensino Futuro 1055,2111300,MA,1,Uno,61.32
35000890,Instituto de Ensino Integral 891,5002704,MS,1,Kepler,69.02
35000813,Escola Albert Einstein 814,2611606,PE,1,Kepler,65.22
35000137,Centro Educacional Santa Cruz 138,3303302,RJ,1,Kepler,51.01
35000384,Academia Santo Agostinho 385,2611606,PE,1,Uno,65.37
35000292,Colégio Santo Agostinho 293,5300108,DF,1,Compartilha,47.39
35001197,Escola Dom Bosco 1198,4106902,PR,1,Kepler,57.87
35000024,Escola Santo Agostinho 25,2304400,CE,1,Kepler,59.91
35000917,Liceu Futuro 918,2313500,CE,1,Kepler,55.9
35000140,Academia Vanguard 141,3136702,MG,1,Uno,59.58
35001161,Liceu Santo Agostinho 1162,3106200,MG,1,Farias Brito,62.49
35000253,Colégio Saber 254,2609600,PE,2,Kepler,56.27
35000625,Instituto de Ensino Exponencial 626,2111300,MA,1,Kepler,68.21
35000619,Escola Nossa Senhora 620,2304202,CE,1,Uno,59.83
35001143,Academia Nossa Senhora 1144,2611606,PE,1,Uno,61.32
35000417,Academia Fênix 418,2611606,PE,2,Kepler,63.4
35000482,Centro Educacional Anchieta 483,2933307,BA,1,Uno,61.08
35001134,Escola Marista 1135,4314902,RS,1,Farias Brito,68.58
35000893,Colégio Santa Cruz 894,3549805,SP,1,Farias Brito,68.51
35001155,Escola Saber 1156,3550308,SP,1,Compartilha,49.98
35000750,Liceu Albert Einstein 751,2304400,CE,1,Uno,54.81
35000077,Colégio Santo Agostinho 78,4118204,PR,1,Uno,59.11
35000036,Centro Educacional Futuro 37,3304557,RJ,1,Kepler,63.58
35000828,Escola Progresso 829,3304557,RJ,1,Kepler,61.34
35000250,Academia Marista 251,2910800,BA,1,Uno,63.33
35000697,Instituto de Ensino Albert Einstein 698,3301702,RJ,1,Uno,68.32
35000101,Centro Educacional Saber 102,3549805,SP,1,Farias Brito,68.71
35000420,Escola Progresso 421,2304400,CE,1,Uno,65.25
35001194,Academia São José 1195,3106200,MG,1,Compartilha,54.1
35001030,Academia Anchieta 1031,3170206,MG,1,Kepler,66.61
35000819,Academia Anchieta 820,5208707,GO,2,Kepler,65.76
35001164,Instituto de Ensino Objetivo 1165,4106902,PR,1,Farias Brito,69.53
35000006,Academia Integral 7,3106200,MG,1,Compartilha,66.57
35000277,Escola Vanguard 278,4304606,RS,1,Kepler,63.95
35000807,Instituto de Ensino Fênix 808,4205407,SC,1,Kepler,52.83
35000530,Escola Saber 531,3549805,SP,1,Farias Brito,62.17
35001018,Escola Futuro 1019,5300108,DF,1,Farias Brito,58.55
35000682,Escola Nossa Senhora 683,2609600,PE,2,Kepler,56.6
35001051,Centro Educacional Nossa Senhora 1052,5300108,DF,1,Farias Brito,57.07
35000497,Liceu Objetivo 498,3549805,SP,1,Kepler,56.95
35000557,Colégio Progresso 558,1302603,AM,1,Kepler,59.57
35000369,Escola Dom Bosco 370,3106200,MG,1,Kepler,61.25
35000941,Instituto de Ensino Progresso 942,4202404,SC,1,Farias Brito,66.98
35000658,Instituto de Ensino Vanguard 659,2111300,MA,1,Kepler,59.09
35000244,Centro Educacional Marista 245,4304606,RS,1,Kepler,61.65
