SK_ESCOLA,CO_MUNICIPIO,IN_INTERNET,IN_BANDA_LARGA,QT_COMP_ALUNO,IN_EQUIP_LOUSA_DIGITAL,IN_LABORATORIO_INFORMATICA,IN_LABORATORIO_CIENCIAS,IN_BIBLIOTECA_SALA_LEITURA,IN_INFANTIL,IN_FUNDAMENTAL,IN_MEDIO,IN_INTEGRAL,IN_AUDITORIO,IN_QUADRA_ESPORTES,QT_SALAS_UTILIZADAS,QT_MAT_BAS,QT_DOC_BAS,PROP_DOCENTES_SUPERIOR,SK_DATA
35000000,3550308,1,1,0.38,0,1,1,1,0,1,1,0,1,1,25,858,57,0.98,20260101
35000001,3509502,1,1,0.482,0,1,1,1,0,1,1,1,1,1,15,859,57,0.96,20260101
35000002,3549805,1,1,0.55,0,1,1,1,0,1,0,1,0,1,13,569,35,0.87,20260101
35000003,3304557,1,1,0.125,0,0,0,0,1,1,0,0,0,0,10,94,5,0.73,20260101
35000004,3301702,1,1,0.454,1,1,0,1,1,1,1,0,1,1,17,711,44,0.83,20260101
35000005,3303302,1,1,0.362,1,1,1,1,0,1,1,1,1,1,27,440,29,0.93,20260101
35000006,3106200,1,1,0.547,1,1,0,1,1,1,0,1,1,1,19,480,30,0.9,20260101
35000007,3170206,1,1,0.398,1,1,1,1,1,1,1,0,1,1,12,350,21,0.95,20260101
35000008,3136702,1,1,0.611,1,1,0,1,0,1,0,1,0,1,13,471,29,0.82,20260101
35000009,4106902,1,1,0.46,1,1,1,1,1,1,1,1,1,1,30,1795,128,0.95,20260101
35000010,4113700,0,0,0.066,0,1,0,0,0,1,0,0,0,0,9,196,10,0.62,20260101
35000011,4118204,0,0,0.048,0,0,0,1,1,1,0,0,0,1,6,172,9,0.54,20260101
35000012,4314902,1,1,0.394,0,1,1,1,1,1,1,1,1,1,25,2661,190,0.87,20260101
35000013,4304606,1,0,0.124,0,0,0,1,1,1,0,0,0,0,6,318,17,0.65,20260101
35000014,4316907,1,1,0.372,0,1,1,1,1,1,1,1,1,1,42,1640,117,0.94,20260101
35000015,4205407,1,1,0.092,0,0,0,0,1,1,0,1,0,1,4,292,16,0.59,20260101
35000016,4209102,1,1,0.225,0,1,1,1,0,1,1,1,1,1,34,653,43,0.9,20260101
35000017,4202404,1,1,0.105,0,0,0,1,1,1,0,0,0,1,10,254,14,0.66,20260101
35000018,2927408,1,1,0.275,1,1,1,1,0,1,1,1,1,1,33,837,55,0.98,20260101
35000019,2910800,1,1,0.596,0,1,1,1,0,1,0,1,0,1,21,407,25,0.94,20260101
35000020,2933307,1,1,0.366,1,1,1,1,1,1,1,1,1,1,57,2139,152,0.89,20260101
35000021,2611606,1,1,0.11,0,0,0,0,1,1,0,0,0,0,5,332,18,0.71,20260101
35000022,2609600,1,1,0.498,1,1,0,1,0,1,1,0,1,1,13,570,35,0.81,20260101
35000023,2611101,1,1,0.26,1,1,1,1,1,1,1,1,1,1,46,1050,75,0.91,20260101
35000024,2304400,1,0,0.037,0,0,0,1,1,1,0,0,0,0,7,106,5,0.67,20260101
35000025,2304202,1,1,0.511,1,1,0,1,0,1,1,0,1,1,16,376,23,0.9,20260101
35000026,2313500,1,1,0.47,0,1,0,1,1,1,1,1,1,1,14,527,32,0.91,20260101
35000027,5208707,0,0,0.064,0,0,0,0,1,1,0,0,0,0,5,98,5,0.59,20260101
35000028,5300108,1,1,0.56,0,1,1,1,1,1,0,1,1,1,43,2631,187,0.96,20260101
35000029,1302603,1,0,0.096,0,1,0,1,1,1,0,0,0,0,8,327,18,0.6,20260101
35000030,1501402,0,0,0.033,0,0,0,0,0,1,0,0,0,1,5,174,9,0.57,20260101
35000031,2111300,1,1,0.463,1,1,1,1,0,1,1,1,1,1,18,793,52,0.94,20260101
35000032,5002704,1,1,0.238,0,1,1,1,0,1,1,1,1,1,19,1179,78,0.94,20260101
35000033,3550308,1,1,0.127,0,0,0,1,0,1,0,1,0,0,10,343,19,0.74,20260101
35000034,3509502,0,0,0.098,0,0,0,0,1,1,1,0,0,1,5,282,15,0.51,20260101
35000035,3549805,1,1,0.491,1,1,1,1,0,1,1,1,1,1,31,652,43,0.98,20260101
35000036,3304557,1,1,0.497,0,1,1,1,1,1,0,1,1,1,43,2519,179,0.96,20260101
35000037,3301702,1,1,0.514,1,1,1,1,1,1,0,1,1,1,51,1713,122,0.97,20260101
35000038,3303302,1,0,0.035,0,0,0,1,1,1,1,1,0,0,4,176,9,0.74,20260101
35000039,3106200,1,1,0.435,1,1,1,1,1,1,0,1,1,1,59,2682,191,0.98,20260101
35000040,3170206,1,1,0.336,1,1,1,1,0,1,1,1,1,1,30,870,58,0.9,20260101
35000041,3136702,1,0,0.104,0,0,0,0,1,1,0,0,0,0,10,204,11,0.57,20260101
35000042,4106902,1,1,0.143,0,1,0,1,1,1,0,1,0,0,10,348,19,0.69,20260101
35000043,4113700,1,1,0.54,1,1,1,1,1,1,1,0,0,1,16,255,15,0.9,20260101
35000044,4118204,1,1,0.455,1,1,1,1,1,1,1,1,1,1,43,2168,154,0.88,20260101
35000045,4314902,0,0,0.134,0,1,0,0,0,1,0,0,0,0,6,327,18,0.7,20260101
35000046,4304606,0,0,0.118,0,0,0,1,0,1,0,0,0,0,5,345,19,0.64,20260101
35000047,4316907,1,1,0.805,1,1,1,1,1,1,1,0,1,1,10,589,36,0.87,20260101
35000048,4205407,1,0,0.03,0,0,0,0,0,1,0,0,0,0,11,340,18,0.72,20260101
35000049,4209102,1,1,0.267,1,1,1,1,0,1,1,1,1,1,24,933,62,0.91,20260101
35000050,4202404,1,1,0.11,0,0,0,1,0,1,0,1,0,1,8,85,4,0.72,20260101
35000051,2927408,1,1,0.812,1,1,1,1,1,1,1,0,0,1,12,256,16,0.9,20260101
35000052,2910800,1,0,0.072,0,0,0,1,1,1,0,1,0,0,9,84,4,0.72,20260101
35000053,2933307,1,1,0.35,0,1,1,1,0,1,1,1,1,1,16,1022,68,0.97,20260101
35000054,2611606,1,1,0.094,0,0,0,1,1,1,0,0,0,0,10,171,9,0.54,20260101
35000055,2609600,1,1,0.148,0,0,0,0,1,1,1,1,0,0,11,121,6,0.73,20260101
35000056,2611101,1,1,0.322,1,1,1,1,1,1,1,1,1,1,44,1224,87,0.95,20260101
35000057,2304400,1,0,0.083,0,0,0,0,0,1,0,0,0,1,8,227,12,0.7,20260101
35000058,2304202,1,1,0.379,1,1,1,1,0,1,1,1,1,1,31,980,65,0.97,20260101
35000059,2313500,1,1,0.313,0,1,1,1,1,1,1,1,1,1,46,2855,203,0.95,20260101
35000060,5208707,1,1,0.448,0,1,1,1,0,1,1,0,1,1,28,809,53,0.98,20260101
35000061,5300108,1,1,0.404,1,1,1,1,1,1,1,1,1,1,57,2046,146,0.91,20260101
35000062,1302603,1,1,0.616,0,1,0,1,1,1,1,0,1,1,19,697,43,0.83,20260101
35000063,1501402,1,1,0.849,1,1,1,1,0,1,1,0,1,1,14,372,23,0.91,20260101
35000064,2111300,1,1,0.295,1,1,1,1,1,1,1,1,1,1,29,3094,221,0.9,20260101
35000065,5002704,1,1,0.363,0,1,1,1,0,1,1,1,1,1,25,653,43,0.98,20260101
35000066,3550308,1,1,0.474,0,1,1,1,0,1,1,0,1,1,15,1022,68,0.97,20260101
35000067,3509502,1,1,0.527,0,1,1,1,1,1,1,1,1,1,52,2928,209,0.91,20260101
35000068,3549805,1,1,0.407,1,1,1,1,1,1,0,1,1,1,17,648,40,0.86,20260101
35000069,3304557,1,1,0.252,1,1,1,1,1,1,1,1,1,1,49,2625,187,0.97,20260101
35000070,3301702,1,1,0.455,0,1,1,1,1,1,1,1,1,1,48,1024,73,0.91,20260101
35000071,3303302,1,1,0.283,0,1,1,1,0,1,1,0,1,1,31,483,32,0.94,20260101
35000072,3106200,1,1,0.648,0,1,1,1,1,1,0,0,0,1,22,726,45,0.87,20260101
35000073,3170206,1,1,0.336,1,1,1,1,0,1,1,1,1,1,32,621,41,0.95,20260101
35000074,3136702,1,1,0.581,1,1,1,1,1,1,1,1,1,1,58,3134,223,0.98,20260101
35000075,4106902,0,0,0.05,0,0,0,0,1,1,0,0,0,1,10,323,17,0.52,20260101
35000076,4113700,1,1,0.389,1,1,1,1,1,1,1,1,1,1,55,1822,130,0.97,20260101
35000077,4118204,1,1,0.112,0,1,0,1,1,1,0,0,0,0,7,320,17,0.59,20260101
35000078,4314902,1,1,0.327,1,1,1,1,1,1,1,1,1,1,41,3106,221,0.97,20260101
35000079,4304606,0,0,0.09,0,0,0,0,1,1,0,1,0,0,8,157,8,0.57,20260101
35000080,4316907,1,1,0.487,1,1,1,1,0,1,1,0,0,1,18,536,33,0.93,20260101
35000081,4205407,1,1,0.253,1,1,1,1,0,1,1,1,1,1,28,975,65,0.93,20260101
35000082,4209102,1,0,0.129,0,0,0,1,1,1,1,1,0,0,11,305,16,0.53,20260101
35000083,4202404,1,1,0.431,1,1,1,1,0,1,1,1,1,1,18,450,28,0.85,20260101
35000084,2927408,1,1,0.58,0,1,0,1,1,1,0,0,0,1,14,293,18,0.92,20260101
35000085,2910800,1,1,0.356,0,1,1,1,0,1,1,1,1,1,33,1175,78,0.96,20260101
35000086,2933307,1,1,0.337,1,1,1,1,1,1,1,1,1,1,50,1488,106,0.97,20260101
35000087,2611606,1,1,0.313,1,1,1,1,1,1,1,1,1,1,38,1334,95,0.94,20260101
35000088,2609600,1,1,0.216,1,1,1,1,0,1,1,1,1,1,21,672,44,0.96,20260101
35000089,2611101,1,0,0.114,0,0,0,0,1,1,0,0,0,1,11,167,9,0.56,20260101
35000090,2304400,1,1,0.142,0,1,0,1,1,1,0,0,0,0,4,331,18,0.72,20260101
35000091,2304202,1,1,0.716,0,1,1,1,1,1,0,1,1,1,10,686,42,0.95,20260101
35000092,2313500,1,1,0.032,0,0,0,1,1,1,1,0,0,0,7,319,17,0.56,20260101
35000093,5208707,1,1,0.465,0,1,0,1,1,1,0,0,0,1,16,426,26,0.88,20260101
35000094,5300108,1,1,0.596,1,1,1,1,1,1,1,1,0,1,13,647,40,0.93,20260101
35000095,1302603,1,0,0.063,0,1,0,1,1,1,0,0,0,1,11,149,8,0.63,20260101
35000096,1501402,1,1,0.272,1,1,1,1,1,1,1,1,1,1,27,2591,185,0.94,20260101
35000097,2111300,1,1,0.356,1,1,1,1,0,1,1,0,1,1,30,1080,72,0.93,20260101
35000098,5002704,1,0,0.135,0,1,0,1,0,1,1,1,0,0,10,141,7,0.7,20260101
35000099,3550308,0,0,0.1,0,1,0,1,1,1,0,0,0,1,9,133,7,0.61,20260101
35000100,3509502,1,1,0.286,1,1,1,1,1,1,1,1,1,1,28,1730,123,0.87,20260101
35000101,3549805,1,1,0.379,0,1,1,1,1,1,1,0,1,1,13,630,39,0.86,20260101
35000102,3304557,1,1,0.759,1,1,0,1,1,1,0,1,0,1,18,288,18,0.88,20260101
35000103,3301702,1,1,0.269,0,1,1,1,0,1,1,1,1,1,26,839,55,0.94,20260101
35000104,3303302,1,1,0.333,0,1,1,1,0,1,1,1,1,1,20,926,61,0.97,20260101
35000105,3106200,1,1,0.586,1,1,0,1,0,1,0,0,1,1,11,749,46,0.8,20260101
35000106,3170206,1,0,0.098,0,0,0,0,1,1,0,0,0,1,8,176,9,0.65,20260101
35000107,3136702,0,0,0.071,0,0,0,1,1,1,0,1,0,1,11,326,18,0.62,20260101
35000108,4106902,1,1,0.3,1,1,1,1,1,1,1,1,1,1,44,1713,122,0.95,20260101
35000109,4113700,1,1,0.791,0,1,1,1,0,1,0,1,0,1,19,747,46,0.92,20260101
35000110,4118204,1,1,0.293,1,1,1,1,1,1,1,1,1,1,33,2439,174,0.89,20260101
35000111,4314902,1,1,0.278,1,1,1,1,1,1,1,1,1,1,46,1409,100,0.91,20260101
35000112,4304606,1,1,0.712,1,1,1,1,1,1,1,0,1,1,22,641,40,0.93,20260101
35000113,4316907,1,1,0.71,1,1,1,1,1,1,1,0,1,1,22,687,42,0.8,20260101
35000114,4205407,1,1,0.505,1,1,1,1,1,1,1,1,1,1,28,2387,170,0.95,20260101
35000115,4209102,1,1,0.644,0,1,0,1,1,1,1,1,1,1,12,620,38,0.84,20260101
35000116,4202404,1,1,0.768,1,1,1,1,1,1,1,1,0,1,11,624,39,0.86,20260101
35000117,2927408,1,1,0.64,1,1,0,1,0,1,1,0,1,1,14,698,43,0.92,20260101
35000118,2910800,1,1,0.063,0,0,0,1,1,1,0,0,0,1,4,123,6,0.59,20260101
35000119,2933307,1,1,0.617,1,1,1,1,1,1,1,1,1,1,13,619,38,0.95,20260101
35000120,2611606,1,1,0.061,0,0,0,0,1,1,0,1,0,0,5,276,15,0.66,20260101
35000121,2609600,1,0,0.037,0,0,0,1,0,1,1,0,0,1,8,64,4,0.74,20260101
35000122,2611101,1,1,0.349,1,1,1,1,0,1,1,1,1,1,22,987,65,0.91,20260101
35000123,2304400,1,1,0.482,1,1,1,1,0,1,1,1,1,1,23,1001,66,0.93,20260101
35000124,2304202,1,1,0.598,1,1,1,1,1,1,0,1,1,1,55,1488,106,0.86,20260101
35000125,2313500,1,1,0.403,1,1,1,1,1,1,1,1,1,1,47,1850,132,0.96,20260101
35000126,5208707,1,0,0.072,0,0,0,0,1,1,0,0,0,0,5,326,18,0.65,20260101
35000127,5300108,1,1,0.54,1,1,1,1,0,1,1,0,0,1,11,553,34,0.89,20260101
35000128,1302603,1,1,0.723,1,1,1,1,1,1,1,1,0,1,18,541,33,0.94,20260101
35000129,1501402,1,1,0.401,1,1,0,1,0,1,0,1,1,1,19,669,41,0.91,20260101
35000130,2111300,1,1,0.433,0,1,1,1,1,1,1,1,1,1,37,1444,103,0.88,20260101
35000131,5002704,1,1,0.381,1,1,1,1,1,1,0,1,1,1,37,2300,164,0.96,20260101
35000132,3550308,1,1,0.323,1,1,1,1,0,1,1,1,1,1,30,448,29,0.92,20260101
35000133,3509502,1,1,0.485,1,1,1,1,1,1,1,1,1,1,34,2462,175,0.93,20260101
35000134,3549805,1,1,0.326,0,1,1,1,1,1,0,1,1,1,39,1987,141,0.88,20260101
35000135,3304557,1,1,0.218,0,1,1,1,0,1,1,0,1,1,21,996,66,0.96,20260101
35000136,3301702,1,1,0.205,0,1,1,1,0,1,1,1,1,1,18,617,41,0.93,20260101
35000137,3303302,1,1,0.072,0,0,0,0,1,1,0,1,0,1,7,86,4,0.66,20260101
35000138,3106200,1,1,0.512,1,1,1,1,1,1,1,1,1,1,23,365,22,0.81,20260101
35000139,3170206,1,0,0.09,0,0,0,1,1,1,1,0,0,1,11,89,4,0.56,20260101
35000140,3136702,1,1,0.431,0,1,1,1,0,1,1,1,1,1,34,805,53,0.91,20260101
35000141,4106902,1,1,0.43,0,1,0,1,0,1,0,0,0,1,18,706,44,0.88,20260101
35000142,4113700,1,1,0.307,1,1,1,1,1,1,1,1,1,1,36,1560,111,0.87,20260101
35000143,4118204,1,1,0.532,1,1,1,1,1,1,1,1,1,1,33,1398,99,0.9,20260101
35000144,4314902,1,1,0.127,0,0,0,1,1,1,1,0,0,1,8,84,4,0.67,20260101
35000145,4304606,1,1,0.466,0,1,1,1,1,1,0,1,1,1,22,565,35,0.93,20260101
35000146,4316907,1,1,0.246,0,1,1,1,0,1,1,1,1,1,24,744,49,0.91,20260101
35000147,4205407,1,1,0.334,0,1,1,1,1,1,0,1,1,1,31,1399,99,0.86,20260101
35000148,4209102,1,1,0.292,1,1,1,1,0,1,1,1,1,1,21,1089,72,0.91,20260101
35000149,4202404,1,1,0.557,1,1,1,1,0,1,1,0,1,1,15,479,29,0.84,20260101
35000150,2927408,1,1,0.297,1,1,1,1,0,1,1,1,1,1,32,572,38,0.9,20260101
35000151,2910800,1,1,0.772,0,1,1,1,0,1,0,1,1,1,18,470,29,0.86,20260101
35000152,2933307,1,1,0.584,1,1,1,1,1,1,1,1,1,1,25,1571,112,0.86,20260101
35000153,2611606,1,1,0.669,1,1,1,1,1,1,1,0,1,1,12,318,19,0.91,20260101
35000154,2609600,0,0,0.113,0,0,0,0,1,1,0,0,0,0,9,287,15,0.59,20260101
35000155,2611101,0,0,0.106,0,1,0,0,0,1,0,1,0,0,11,108,6,0.56,20260101
35000156,2304400,1,1,0.417,1,1,1,1,1,1,1,1,1,1,36,2882,205,0.98,20260101
35000157,2304202,1,1,0.48,0,1,1,1,1,1,1,1,1,1,42,2688,192,0.9,20260101
35000158,2313500,1,1,0.334,0,1,1,1,1,1,0,1,1,1,45,3169,226,0.96,20260101
35000159,5208707,1,1,0.338,1,1,1,1,1,1,1,1,1,1,32,1301,92,0.94,20260101
35000160,5300108,1,0,0.09,0,1,0,0,0,1,0,1,0,0,10,147,8,0.59,20260101
35000161,1302603,1,1,0.499,1,1,1,1,1,1,1,1,0,1,19,435,27,0.8,20260101
35000162,1501402,1,1,0.285,1,1,1,1,1,1,1,1,1,1,49,2428,173,0.95,20260101
35000163,2111300,1,1,0.742,1,1,0,1,0,1,1,1,0,1,11,686,42,0.86,20260101
35000164,5002704,1,1,0.599,1,1,1,1,1,1,1,1,1,1,44,2929,209,0.97,20260101
35000165,3550308,1,1,0.698,0,1,1,1,1,1,0,0,1,1,13,470,29,0.9,20260101
35000166,3509502,1,1,0.098,0,0,0,0,0,1,0,0,0,1,5,176,9,0.7,20260101
35000167,3549805,1,0,0.068,0,0,0,1,1,1,1,0,0,0,9,319,17,0.62,20260101
35000168,3304557,1,1,0.384,1,1,1,1,1,1,1,1,1,1,34,3097,221,0.87,20260101
35000169,3301702,1,1,0.479,1,1,1,1,0,1,1,0,1,1,17,701,46,0.92,20260101
35000170,3303302,1,1,0.819,1,1,1,1,1,1,0,1,1,1,13,575,35,0.81,20260101
35000171,3106200,0,0,0.026,0,0,0,0,1,1,0,1,0,0,10,165,9,0.71,20260101
35000172,3170206,1,1,0.266,1,1,1,1,1,1,1,1,1,1,45,1689,120,0.9,20260101
35000173,3136702,1,1,0.446,1,1,1,1,1,1,0,1,1,1,38,2336,166,0.91,20260101
35000174,4106902,1,1,0.257,0,1,1,1,0,1,1,1,1,1,26,844,56,0.91,20260101
35000175,4113700,1,1,0.147,0,0,0,1,1,1,0,0,0,1,9,257,14,0.71,20260101
35000176,4118204,1,1,0.265,0,1,1,1,0,1,1,1,1,1,33,1036,69,0.97,20260101
35000177,4314902,1,1,0.528,1,1,1,1,1,1,1,1,1,1,45,1531,109,0.92,20260101
35000178,4304606,1,1,0.133,0,0,0,1,1,1,1,0,0,0,9,103,5,0.63,20260101
35000179,4316907,1,1,0.447,0,1,1,1,0,1,1,1,1,1,33,1178,78,0.92,20260101
35000180,4205407,1,1,0.667,1,1,0,1,1,1,1,0,1,1,21,635,39,0.85,20260101
35000181,4209102,1,1,0.024,0,0,0,1,1,1,1,0,0,1,6,91,5,0.53,20260101
35000182,4202404,1,1,0.484,1,1,1,1,1,1,0,1,1,1,55,2594,185,0.87,20260101
35000183,2927408,1,1,0.71,1,1,0,1,0,1,1,1,1,1,11,383,23,0.91,20260101
35000184,2910800,1,1,0.411,1,1,1,1,1,1,1,1,1,1,27,1587,113,0.89,20260101
35000185,2933307,0,0,0.065,0,0,0,1,1,1,0,0,0,1,6,330,18,0.56,20260101
35000186,2611606,1,0,0.109,0,0,0,1,0,1,1,0,0,0,5,202,11,0.55,20260101
35000187,2609600,1,1,0.471,0,1,1,1,0,1,1,1,1,1,27,606,40,0.92,20260101
35000188,2611101,1,1,0.58,1,1,1,1,1,1,0,0,1,1,18,673,42,0.91,20260101
35000189,2304400,1,1,0.492,1,1,1,1,0,1,1,1,1,1,34,572,38,0.99,20260101
35000190,2304202,1,1,0.289,1,1,1,1,1,1,1,1,1,1,41,1285,91,0.86,20260101
35000191,2313500,1,1,0.499,1,1,1,1,1,1,0,1,1,1,23,335,20,0.93,20260101
35000192,5208707,1,0,0.123,0,0,0,1,1,1,0,0,0,1,4,94,5,0.71,20260101
35000193,5300108,1,1,0.565,1,1,1,1,1,1,1,1,1,1,17,270,16,0.89,20260101
35000194,1302603,1,0,0.07,0,0,0,1,1,1,1,0,0,0,10,321,17,0.72,20260101
35000195,1501402,1,1,0.472,0,1,1,1,0,1,1,1,1,1,27,1152,76,0.96,20260101
35000196,2111300,1,1,0.353,0,1,0,1,0,1,0,0,1,1,10,441,27,0.88,20260101
35000197,5002704,1,1,0.394,1,1,0,1,1,1,0,1,1,1,20,743,46,0.95,20260101
35000198,3550308,1,1,0.561,1,1,1,1,1,1,1,0,1,1,16,725,45,0.92,20260101
35000199,3509502,0,0,0.028,0,0,0,1,1,1,0,0,0,0,6,298,16,0.6,20260101
35000200,3549805,1,1,0.107,0,0,0,0,0,1,0,0,0,1,4,98,5,0.72,20260101
35000201,3304557,1,1,0.765,1,1,1,1,1,1,1,0,0,1,19,606,37,0.82,20260101
35000202,3301702,1,1,0.492,1,1,1,1,1,1,1,1,1,1,33,3021,215,0.95,20260101
35000203,3303302,1,1,0.64,1,1,0,1,0,1,1,0,0,1,21,666,41,0.88,20260101
35000204,3106200,1,1,0.213,1,1,1,1,0,1,1,1,1,1,33,1068,71,0.95,20260101
35000205,3170206,1,1,0.746,1,1,0,1,1,1,1,1,1,1,15,570,35,0.82,20260101
35000206,3136702,1,1,0.038,0,0,0,0,1,1,1,0,0,0,8,304,16,0.57,20260101
35000207,4106902,1,1,0.36,1,1,1,1,1,1,1,1,1,1,33,1796,128,0.89,20260101
35000208,4113700,1,1,0.52,1,1,0,1,1,1,1,1,1,1,12,636,39,0.85,20260101
35000209,4118204,1,1,0.689,1,1,1,1,0,1,1,1,1,1,22,360,22,0.92,20260101
35000210,4314902,1,1,0.29,0,1,1,1,0,1,1,1,1,1,33,564,37,0.97,20260101
35000211,4304606,1,1,0.472,0,1,1,1,0,1,1,1,1,1,16,666,44,0.93,20260101
35000212,4316907,1,1,0.379,1,1,1,1,1,1,0,1,1,1,21,485,30,0.91,20260101
35000213,4205407,0,0,0.119,0,0,0,1,1,1,0,1,0,1,5,151,8,0.71,20260101
35000214,4209102,1,1,0.32,0,1,1,1,1,1,1,1,1,1,41,1880,134,0.89,20260101
35000215,4202404,1,1,0.605,1,1,1,1,1,1,0,1,1,1,15,643,40,0.82,20260101
35000216,2927408,1,1,0.123,0,1,0,0,0,1,1,0,0,0,7,84,4,0.66,20260101
35000217,2910800,1,1,0.538,1,1,1,1,1,1,1,1,1,1,59,1801,128,0.86,20260101
35000218,2933307,1,1,0.095,0,0,0,0,1,1,0,0,0,0,5,293,16,0.56,20260101
35000219,2611606,1,1,0.4,0,1,1,1,0,1,1,1,1,1,17,614,40,0.98,20260101
35000220,2609600,1,1,0.463,1,1,1,1,0,1,1,1,0,1,10,432,27,0.88,20260101
35000221,2611101,1,1,0.222,1,1,1,1,0,1,1,0,1,1,28,452,30,0.97,20260101
35000222,2304400,1,1,0.502,1,1,1,1,1,1,0,1,1,1,58,1849,132,0.96,20260101
35000223,2304202,1,1,0.401,0,1,1,1,1,1,1,1,1,1,17,674,42,0.85,20260101
35000224,2313500,1,1,0.295,1,1,1,1,1,1,1,1,1,1,28,1818,129,0.91,20260101
35000225,5208707,1,1,0.07,0,0,0,1,0,1,0,0,0,1,4,83,4,0.69,20260101
35000226,5300108,1,1,0.026,0,0,0,1,1,1,0,0,0,0,9,286,15,0.59,20260101
35000227,1302603,1,1,0.761,1,1,0,1,1,1,1,1,0,1,22,592,37,0.89,20260101
35000228,1501402,1,1,0.492,0,1,1,1,0,1,1,1,1,1,15,755,50,0.91,20260101
35000229,2111300,1,0,0.129,0,0,0,0,0,1,0,0,0,0,4,170,9,0.58,20260101
35000230,5002704,1,1,0.265,1,1,1,1,1,1,1,1,1,1,52,3151,225,0.87,20260101
35000231,3550308,1,1,0.442,0,1,1,1,0,1,1,0,1,1,15,454,30,0.95,20260101
35000232,3509502,0,0,0.104,0,1,0,1,1,1,0,0,0,1,11,104,5,0.6,20260101
35000233,3549805,1,1,0.461,1,1,1,1,1,1,0,1,1,1,50,1515,108,0.97,20260101
35000234,3304557,1,1,0.368,1,1,1,1,0,1,1,0,1,1,26,598,39,0.91,20260101
35000235,3301702,1,1,0.138,0,0,0,1,1,1,1,0,0,1,4,106,5,0.52,20260101
35000236,3303302,1,1,0.424,0,1,1,1,1,1,0,1,1,1,57,2946,210,0.95,20260101
35000237,3106200,0,0,0.125,0,0,0,1,0,1,0,0,0,0,7,294,16,0.67,20260101
35000238,3170206,1,1,0.546,1,1,0,1,1,1,1,0,1,1,23,581,36,0.84,20260101
35000239,3136702,1,1,0.494,0,1,1,1,0,1,1,1,1,1,16,672,44,0.99,20260101
35000240,4106902,1,1,0.249,1,1,1,1,0,1,1,1,1,1,29,1005,67,0.96,20260101
35000241,4113700,1,1,0.35,0,1,1,1,0,1,1,0,1,1,19,911,60,0.95,20260101
35000242,4118204,1,1,0.032,0,0,0,0,1,1,0,0,0,0,11,306,17,0.73,20260101
35000243,4314902,1,1,0.546,1,1,1,1,1,1,1,0,1,1,13,598,37,0.88,20260101
35000244,4304606,0,0,0.139,0,0,0,1,0,1,0,0,0,0,5,296,16,0.56,20260101
35000245,4316907,1,1,0.513,1,1,0,1,1,1,1,1,1,1,23,381,23,0.92,20260101
35000246,4205407,1,1,0.443,1,1,1,1,0,1,0,0,1,1,14,634,39,0.86,20260101
35000247,4209102,1,1,0.431,1,1,1,1,0,1,1,0,1,1,31,870,58,0.9,20260101
35000248,4202404,1,1,0.623,1,1,1,1,0,1,0,1,0,1,16,671,41,0.8,20260101
35000249,2927408,1,1,0.103,0,0,0,1,1,1,0,1,0,0,6,265,14,0.53,20260101
35000250,2910800,1,1,0.514,1,1,1,1,1,1,1,1,1,1,40,2822,201,0.95,20260101
35000251,2933307,1,1,0.067,0,1,0,1,1,1,0,0,0,1,6,140,7,0.73,20260101
35000252,2611606,1,1,0.493,1,1,1,1,1,1,1,1,1,1,41,1762,125,0.86,20260101
35000253,2609600,1,1,0.247,0,1,1,1,0,1,1,1,1,1,30,574,38,0.94,20260101
35000254,2611101,1,1,0.603,1,1,1,1,1,1,0,0,1,1,10,519,32,0.93,20260101
35000255,2304400,1,1,0.36,1,1,1,1,0,1,1,1,1,1,19,682,45,0.94,20260101
35000256,2304202,1,1,0.329,1,1,1,1,1,1,1,1,1,1,55,1451,103,0.93,20260101
35000257,2313500,1,1,0.385,1,1,1,1,1,1,1,1,0,1,17,373,23,0.83,20260101
35000258,5208707,1,1,0.076,0,1,0,1,1,1,0,0,0,0,9,256,14,0.52,20260101
35000259,5300108,1,1,0.401,1,1,1,1,0,1,1,0,1,1,33,527,35,0.97,20260101
35000260,1302603,1,1,0.57,0,1,1,1,1,1,1,1,1,1,34,3064,218,0.86,20260101
35000261,1501402,1,1,0.411,1,1,1,1,0,1,1,1,1,1,26,982,65,0.92,20260101
35000262,2111300,0,0,0.105,0,1,0,1,0,1,0,1,0,0,9,207,11,0.65,20260101
35000263,5002704,1,1,0.312,1,1,1,1,0,1,1,1,1,1,30,725,48,0.93,20260101
35000264,3550308,1,1,0.581,0,1,1,1,1,1,0,1,1,1,39,1661,118,0.97,20260101
35000265,3509502,1,1,0.404,1,1,1,1,0,1,1,0,1,1,18,406,27,0.92,20260101
35000266,3549805,1,1,0.77,0,1,1,1,0,1,1,0,1,1,12,493,30,0.91,20260101
35000267,3304557,1,1,0.021,0,0,0,1,1,1,0,0,0,0,4,304,16,0.72,20260101
35000268,3301702,0,0,0.028,0,0,0,1,1,1,0,0,0,1,5,97,5,0.6,20260101
35000269,3303302,1,1,0.607,1,1,1,1,1,1,0,0,0,1,20,594,37,0.85,20260101
35000270,3106200,1,1,0.436,1,1,1,1,0,1,1,1,1,1,25,522,34,0.96,20260101
35000271,3170206,1,1,0.481,0,1,1,1,0,1,1,1,1,1,25,1097,73,0.9,20260101
35000272,3136702,1,1,0.814,0,1,1,1,1,1,1,0,0,1,22,382,23,0.92,20260101
35000273,4106902,1,1,0.448,1,1,1,1,0,1,1,1,1,1,15,595,39,0.98,20260101
35000274,4113700,1,1,0.062,0,0,0,1,1,1,1,0,0,0,6,168,9,0.63,20260101
35000275,4118204,1,1,0.451,1,1,1,1,0,1,1,1,1,1,23,684,45,0.94,20260101
35000276,4314902,1,1,0.565,1,1,1,1,1,1,1,0,1,1,23,458,28,0.86,20260101
35000277,4304606,1,1,0.035,0,0,0,0,1,1,0,0,0,0,9,211,11,0.65,20260101
35000278,4316907,1,1,0.698,1,1,0,1,1,1,1,1,1,1,22,297,18,0.89,20260101
35000279,4205407,1,0,0.071,0,1,0,0,1,1,0,0,0,1,4,310,17,0.62,20260101
35000280,4209102,1,1,0.276,0,1,1,1,0,1,1,1,1,1,15,492,32,0.97,20260101
35000281,4202404,1,1,0.044,0,1,0,1,0,1,0,0,0,1,6,107,5,0.55,20260101
35000282,2927408,1,1,0.091,0,1,0,1,1,1,0,0,0,1,5,280,15,0.61,20260101
35000283,2910800,1,1,0.114,0,0,0,1,1,1,0,0,0,0,7,218,12,0.7,20260101
35000284,2933307,1,1,0.375,1,1,1,1,0,1,1,1,1,1,21,879,58,0.95,20260101
35000285,2611606,1,1,0.423,0,1,1,1,0,1,1,0,1,1,20,841,56,0.98,20260101
35000286,2609600,1,1,0.44,1,1,1,1,1,1,1,1,1,1,37,1053,75,0.9,20260101
35000287,2611101,1,1,0.781,1,1,1,1,1,1,1,1,0,1,12,595,37,0.87,20260101
35000288,2304400,1,1,0.668,1,1,0,1,1,1,1,0,0,1,20,605,37,0.92,20260101
35000289,2304202,1,1,0.412,1,1,1,1,1,1,1,1,1,1,44,1203,85,0.87,20260101
35000290,2313500,1,1,0.794,1,1,1,1,1,1,1,0,0,1,17,481,30,0.91,20260101
35000291,5208707,1,1,0.112,0,1,0,1,1,1,1,1,0,1,6,222,12,0.64,20260101
35000292,5300108,1,1,0.562,1,1,1,1,1,1,1,1,1,1,54,3046,217,0.86,20260101
35000293,1302603,1,1,0.06,0,0,0,1,1,1,0,0,0,0,6,84,4,0.52,20260101
35000294,1501402,1,1,0.242,1,1,1,1,0,1,1,1,1,1,25,1021,68,0.93,20260101
35000295,2111300,1,1,0.593,1,1,1,1,1,1,1,1,1,1,44,2944,210,0.92,20260101
35000296,5002704,1,1,0.782,0,1,1,1,0,1,1,1,1,1,15,707,44,0.88,20260101
35000297,3550308,1,1,0.107,0,1,0,0,1,1,0,0,0,1,7,177,9,0.67,20260101
35000298,3509502,1,0,0.14,0,0,0,1,0,1,0,0,0,0,9,268,14,0.65,20260101
35000299,3549805,1,1,0.046,0,1,0,0,1,1,1,0,0,1,10,282,15,0.74,20260101
35000300,3304557,0,0,0.147,0,1,0,1,0,1,1,0,0,0,7,117,6,0.56,20260101
35000301,3301702,1,1,0.148,0,0,0,0,0,1,0,0,0,1,8,115,6,0.53,20260101
35000302,3303302,1,1,0.219,0,1,1,1,0,1,1,1,1,1,32,565,37,0.98,20260101
35000303,3106200,1,1,0.497,1,1,1,1,1,1,0,1,1,1,34,2447,174,0.89,20260101
35000304,3170206,1,1,0.148,0,0,0,1,1,1,0,0,0,0,5,165,9,0.58,20260101
35000305,3136702,1,1,0.482,0,1,1,1,0,1,1,1,1,1,27,1119,74,0.96,20260101
35000306,4106902,1,1,0.235,1,1,1,1,0,1,1,0,1,1,21,1107,73,0.94,20260101
35000307,4113700,1,1,0.311,1,1,1,1,1,1,1,1,1,1,50,1269,90,0.93,20260101
35000308,4118204,1,1,0.242,1,1,1,1,0,1,1,0,1,1,17,811,54,0.94,20260101
35000309,4314902,1,1,0.45,0,1,1,1,1,1,1,1,1,1,59,1386,99,0.97,20260101
35000310,4304606,1,0,0.048,0,1,0,0,0,1,0,1,0,1,7,264,14,0.56,20260101
35000311,4316907,0,0,0.051,0,1,0,1,1,1,0,0,0,0,8,215,11,0.69,20260101
35000312,4205407,1,1,0.702,1,1,0,1,1,1,1,1,1,1,16,586,36,0.88,20260101
35000313,4209102,1,1,0.237,1,1,1,1,0,1,1,0,1,1,34,1048,69,0.98,20260101
35000314,4202404,1,1,0.469,0,1,1,1,1,1,0,0,0,1,10,356,22,0.92,20260101
35000315,2927408,1,0,0.108,0,0,0,1,0,1,0,0,0,1,9,259,14,0.69,20260101
35000316,2910800,0,0,0.025,0,0,0,1,0,1,0,0,0,1,8,303,16,0.68,20260101
35000317,2933307,1,1,0.254,1,1,1,1,1,1,1,1,1,1,43,2209,157,0.89,20260101
35000318,2611606,1,1,0.148,0,1,0,1,0,1,0,0,0,1,10,201,11,0.61,20260101
35000319,2609600,1,1,0.477,0,1,1,1,1,1,0,1,1,1,48,2028,144,0.86,20260101
35000320,2611101,1,1,0.782,1,1,1,1,0,1,1,1,0,1,16,617,38,0.84,20260101
35000321,2304400,1,1,0.036,0,1,0,1,1,1,0,0,0,0,9,84,4,0.54,20260101
35000322,2304202,1,1,0.37,1,1,1,1,1,1,1,1,1,1,42,1660,118,0.96,20260101
35000323,2313500,1,1,0.513,0,1,1,1,0,1,1,1,1,1,17,692,43,0.95,20260101
35000324,5208707,1,1,0.41,1,1,1,1,0,1,1,1,1,1,26,1001,66,0.97,20260101
35000325,5300108,1,0,0.039,0,0,0,0,1,1,0,1,0,0,4,250,13,0.67,20260101
35000326,1302603,1,1,0.528,0,1,1,1,1,1,0,1,1,1,50,2676,191,0.86,20260101
35000327,1501402,1,1,0.327,1,1,1,1,1,1,1,1,1,1,51,1268,90,0.91,20260101
35000328,2111300,1,1,0.223,1,1,1,1,0,1,1,1,1,1,29,404,26,0.93,20260101
35000329,5002704,1,1,0.447,1,1,1,1,1,1,0,1,1,1,39,1018,72,0.95,20260101
35000330,3550308,1,1,0.269,1,1,1,1,0,1,1,1,1,1,26,716,47,0.94,20260101
35000331,3509502,1,1,0.725,1,1,1,1,0,1,0,0,1,1,21,649,40,0.81,20260101
35000332,3549805,1,1,0.229,0,1,1,1,0,1,1,1,1,1,23,886,59,0.92,20260101
35000333,3304557,1,1,0.508,1,1,0,1,0,1,0,1,0,1,11,420,26,0.93,20260101
35000334,3301702,1,1,0.333,0,1,1,1,1,1,1,1,1,1,30,1287,91,0.91,20260101
35000335,3303302,1,0,0.025,0,0,0,0,1,1,1,0,0,1,8,273,15,0.71,20260101
35000336,3106200,1,1,0.336,1,1,1,1,0,1,1,1,1,1,26,998,66,0.94,20260101
35000337,3170206,0,0,0.135,0,0,0,1,1,1,1,0,0,0,10,84,4,0.7,20260101
35000338,3136702,0,0,0.064,0,0,0,0,1,1,1,0,0,0,9,123,6,0.57,20260101
35000339,4106902,1,1,0.355,1,1,1,1,1,1,1,0,0,1,19,325,20,0.85,20260101
35000340,4113700,1,1,0.118,0,0,0,1,0,1,0,0,0,0,10,312,17,0.58,20260101
35000341,4118204,0,0,0.101,0,0,0,0,1,1,0,1,0,1,8,254,14,0.62,20260101
35000342,4314902,0,0,0.059,0,1,0,1,1,1,1,0,0,0,5,89,4,0.6,20260101
35000343,4304606,1,1,0.278,1,1,1,1,0,1,1,1,1,1,18,1142,76,0.91,20260101
35000344,4316907,1,1,0.242,1,1,1,1,0,1,1,0,1,1,19,1037,69,0.95,20260101
35000345,4205407,1,0,0.148,0,1,0,1,1,1,0,1,0,0,8,347,19,0.65,20260101
35000346,4209102,1,1,0.046,0,1,0,1,1,1,1,0,0,0,5,154,8,0.62,20260101
35000347,4202404,1,0,0.133,0,0,0,0,1,1,1,1,0,0,5,342,19,0.65,20260101
35000348,2927408,0,0,0.08,0,1,0,0,1,1,0,0,0,1,8,81,4,0.53,20260101
35000349,2910800,1,1,0.314,1,1,1,1,1,1,1,1,1,1,33,1587,113,0.85,20260101
35000350,2933307,1,1,0.419,1,1,1,1,1,1,1,1,1,1,48,3037,216,0.89,20260101
35000351,2611606,1,1,0.093,0,0,0,0,1,1,0,0,0,1,7,209,11,0.54,20260101
35000352,2609600,1,1,0.498,1,1,1,1,0,1,1,1,1,1,27,563,37,0.96,20260101
35000353,2611101,1,1,0.097,0,0,0,1,1,1,0,0,0,0,11,74,4,0.52,20260101
35000354,2304400,1,1,0.057,0,0,0,1,1,1,0,0,0,0,9,347,19,0.71,20260101
35000355,2304202,1,1,0.393,1,1,0,1,0,1,1,0,0,1,13,677,42,0.81,20260101
35000356,2313500,1,1,0.787,1,1,1,1,0,1,1,0,1,1,22,589,36,0.9,20260101
35000357,5208707,1,1,0.238,1,1,1,1,0,1,1,1,1,1,27,675,45,0.97,20260101
35000358,5300108,1,1,0.386,0,1,1,1,0,1,1,0,1,1,34,510,34,0.96,20260101
35000359,1302603,1,0,0.082,0,0,0,1,0,1,0,0,0,0,10,326,18,0.66,20260101
35000360,1501402,1,1,0.695,1,1,0,1,1,1,1,1,1,1,15,680,42,0.85,20260101
35000361,2111300,1,1,0.067,0,1,0,0,0,1,0,0,0,1,4,175,9,0.67,20260101
35000362,5002704,1,1,0.556,1,1,0,1,1,1,0,1,0,1,15,278,17,0.85,20260101
35000363,3550308,1,1,0.499,1,1,1,1,0,1,1,1,1,1,27,478,31,0.94,20260101
35000364,3509502,1,1,0.385,1,1,1,1,0,1,1,1,1,1,24,918,61,0.96,20260101
35000365,3549805,1,1,0.651,1,1,1,1,0,1,0,0,0,1,10,381,23,0.83,20260101
35000366,3304557,1,1,0.786,1,1,0,1,1,1,1,0,1,1,23,626,39,0.86,20260101
35000367,3301702,1,1,0.38,1,1,1,1,1,1,1,1,1,1,50,2301,164,0.91,20260101
35000368,3303302,1,1,0.283,1,1,1,1,0,1,1,0,1,1,27,789,52,0.96,20260101
35000369,3106200,1,1,0.64,1,1,1,1,1,1,1,1,0,1,18,495,30,0.81,20260101
35000370,3170206,1,1,0.07,0,0,0,1,1,1,1,0,0,0,6,154,8,0.71,20260101
35000371,3136702,1,1,0.75,1,1,1,1,1,1,1,1,1,1,23,416,26,0.89,20260101
35000372,4106902,1,1,0.122,0,0,0,1,1,1,0,0,0,0,6,325,18,0.55,20260101
35000373,4113700,1,1,0.606,1,1,0,1,0,1,1,1,0,1,22,385,24,0.89,20260101
35000374,4118204,1,1,0.267,0,1,1,1,1,1,0,1,1,1,46,3160,225,0.93,20260101
35000375,4314902,1,1,0.354,0,1,1,1,1,1,0,1,1,1,41,2723,194,0.87,20260101
35000376,4304606,1,1,0.845,1,1,1,1,0,1,0,1,0,1,21,568,35,0.9,20260101
35000377,4316907,1,1,0.676,1,1,0,1,0,1,1,1,1,1,17,681,42,0.82,20260101
35000378,4205407,1,1,0.403,1,1,1,1,0,1,1,1,1,1,26,894,59,0.94,20260101
35000379,4209102,1,1,0.334,1,1,1,1,1,1,1,1,1,1,48,1704,121,0.9,20260101
35000380,4202404,1,1,0.095,0,1,0,1,0,1,1,0,0,0,6,227,12,0.64,20260101
35000381,2927408,1,1,0.431,1,1,1,1,0,1,1,0,1,1,22,484,32,0.99,20260101
35000382,2910800,1,1,0.377,1,1,1,1,0,1,1,1,1,1,29,624,41,0.96,20260101
35000383,2933307,0,0,0.128,0,0,0,1,1,1,0,0,0,1,4,346,19,0.55,20260101
35000384,2611606,1,1,0.509,1,1,0,1,0,1,1,0,1,1,20,498,31,0.84,20260101
35000385,2609600,0,0,0.095,0,0,0,0,1,1,1,0,0,0,4,212,11,0.51,20260101
35000386,2611101,1,1,0.459,1,1,1,1,1,1,1,1,1,1,40,2522,180,0.88,20260101
35000387,2304400,1,0,0.077,0,0,0,1,1,1,0,0,0,1,5,89,4,0.68,20260101
35000388,2304202,1,1,0.316,1,1,1,1,0,1,1,1,1,1,18,608,40,0.9,20260101
35000389,2313500,1,1,0.632,1,1,1,1,1,1,1,1,0,1,17,316,19,0.81,20260101
35000390,5208707,0,0,0.132,0,0,0,1,1,1,0,0,0,0,11,119,6,0.55,20260101
35000391,5300108,1,1,0.793,0,1,0,1,0,1,0,0,1,1,19,608,38,0.89,20260101
35000392,1302603,1,1,0.673,1,1,0,1,0,1,1,0,1,1,17,610,38,0.86,20260101
35000393,1501402,1,0,0.064,0,0,0,1,1,1,0,0,0,1,5,332,18,0.58,20260101
35000394,2111300,1,1,0.244,1,1,1,1,0,1,1,1,1,1,31,1085,72,0.96,20260101
35000395,5002704,0,0,0.021,0,0,0,0,1,1,0,1,0,1,11,283,15,0.7,20260101
35000396,3550308,1,1,0.391,1,1,1,1,0,1,1,1,1,1,15,704,44,0.86,20260101
35000397,3509502,1,1,0.445,1,1,1,1,1,1,1,1,1,1,13,424,26,0.82,20260101
35000398,3549805,0,0,0.1,0,0,0,0,1,1,0,1,0,0,10,249,13,0.74,20260101
35000399,3304557,0,0,0.053,0,0,0,0,1,1,0,0,0,0,4,97,5,0.52,20260101
35000400,3301702,1,1,0.785,1,1,1,1,1,1,1,1,1,1,10,676,42,0.87,20260101
35000401,3303302,1,1,0.51,1,1,1,1,1,1,1,0,0,1,17,450,28,0.86,20260101
35000402,3106200,1,1,0.545,1,1,1,1,1,1,0,1,1,1,57,1894,135,0.91,20260101
35000403,3170206,1,1,0.05,0,1,0,1,1,1,0,0,0,0,4,72,4,0.52,20260101
35000404,3136702,1,1,0.445,1,1,1,1,0,1,1,1,1,1,33,1197,79,0.97,20260101
35000405,4106902,1,1,0.843,1,1,0,1,1,1,1,1,0,1,14,723,45,0.85,20260101
35000406,4113700,1,0,0.128,0,0,0,0,1,1,0,0,0,0,10,244,13,0.57,20260101
35000407,4118204,1,1,0.423,1,1,1,1,1,1,0,1,1,1,55,3159,225,0.94,20260101
35000408,4314902,1,1,0.453,1,1,1,1,0,1,1,1,1,1,33,968,64,0.91,20260101
35000409,4304606,1,1,0.441,0,1,1,1,1,1,1,1,1,1,51,2972,212,0.87,20260101
35000410,4316907,0,0,0.129,0,0,0,0,1,1,1,0,0,0,5,265,14,0.64,20260101
35000411,4205407,1,1,0.124,0,1,0,1,1,1,0,0,0,0,8,156,8,0.51,20260101
35000412,4209102,0,0,0.071,0,1,0,0,0,1,1,1,0,0,9,213,11,0.69,20260101
35000413,4202404,1,1,0.616,1,1,1,1,1,1,1,1,1,1,13,473,29,0.94,20260101
35000414,2927408,1,1,0.366,0,1,1,1,0,1,1,1,1,1,33,590,39,0.96,20260101
35000415,2910800,1,1,0.309,1,1,1,1,0,1,1,0,1,1,28,586,39,0.97,20260101
35000416,2933307,1,1,0.37,1,1,1,1,1,1,0,1,1,1,50,1992,142,0.96,20260101
35000417,2611606,1,0,0.091,0,0,0,1,1,1,0,1,0,0,4,176,9,0.64,20260101
35000418,2609600,1,0,0.031,0,1,0,1,1,1,0,0,0,1,8,282,15,0.5,20260101
35000419,2611101,0,0,0.08,0,0,0,1,1,1,1,0,0,1,5,240,13,0.55,20260101
35000420,2304400,1,0,0.114,0,1,0,1,1,1,1,0,0,0,7,248,13,0.69,20260101
35000421,2304202,1,1,0.08,0,0,0,1,1,1,0,0,0,0,4,85,4,0.51,20260101
35000422,2313500,1,1,0.487,1,1,1,1,0,1,1,1,1,1,26,1129,75,0.95,20260101
35000423,5208707,1,1,0.353,1,1,1,1,0,1,1,0,1,1,24,856,57,0.93,20260101
35000424,5300108,1,1,0.427,1,1,1,1,1,1,1,1,1,1,11,293,18,0.9,20260101
35000425,1302603,1,1,0.071,0,0,0,1,1,1,0,0,0,1,6,128,7,0.55,20260101
35000426,1501402,1,1,0.361,1,1,1,1,0,1,1,0,1,1,31,553,36,0.9,20260101
35000427,2111300,1,1,0.483,1,1,1,1,1,1,1,1,1,1,38,2829,202,0.92,20260101
35000428,5002704,1,1,0.236,0,1,1,1,0,1,1,1,1,1,26,915,61,0.92,20260101
35000429,3550308,1,1,0.412,0,1,1,1,0,1,0,0,0,1,21,578,36,0.86,20260101
35000430,3509502,1,0,0.031,0,0,0,1,1,1,0,0,0,0,10,79,4,0.73,20260101
35000431,3549805,1,1,0.552,1,1,1,1,1,1,1,1,1,1,30,2680,191,0.93,20260101
35000432,3304557,1,1,0.301,0,1,1,1,0,1,1,0,1,1,21,842,56,0.97,20260101
35000433,3301702,0,0,0.086,0,1,0,0,0,1,0,0,0,0,9,346,19,0.51,20260101
35000434,3303302,1,0,0.078,0,0,0,1,1,1,0,0,0,0,5,236,13,0.74,20260101
35000435,3106200,1,1,0.41,0,1,1,1,0,1,1,1,1,1,19,674,44,0.92,20260101
35000436,3170206,1,1,0.27,1,1,1,1,1,1,1,1,1,1,29,2437,174,0.86,20260101
35000437,3136702,1,1,0.607,0,1,0,1,0,1,1,1,0,1,14,640,40,0.94,20260101
35000438,4106902,1,1,0.79,1,1,1,1,0,1,1,0,0,1,16,289,18,0.86,20260101
35000439,4113700,1,1,0.463,1,1,0,1,1,1,0,0,1,1,17,710,44,0.82,20260101
35000440,4118204,1,1,0.533,1,1,1,1,1,1,0,1,1,1,50,1356,96,0.89,20260101
35000441,4314902,1,1,0.667,1,1,0,1,0,1,1,0,1,1,19,327,20,0.81,20260101
35000442,4304606,1,1,0.15,0,0,0,0,1,1,0,0,0,0,9,63,4,0.73,20260101
35000443,4316907,1,1,0.131,0,1,0,1,1,1,0,0,0,0,10,266,14,0.57,20260101
35000444,4205407,1,1,0.035,0,1,0,1,1,1,0,0,0,0,10,209,11,0.52,20260101
35000445,4209102,1,0,0.124,0,0,0,1,1,1,0,1,0,0,5,139,7,0.63,20260101
35000446,4202404,1,1,0.353,1,1,1,1,1,1,1,1,1,1,46,2137,152,0.96,20260101
35000447,2927408,1,1,0.559,1,1,0,1,1,1,1,0,1,1,14,654,40,0.84,20260101
35000448,2910800,0,0,0.037,0,0,0,1,1,1,0,0,0,0,5,253,14,0.59,20260101
35000449,2933307,1,1,0.112,0,1,0,0,1,1,0,0,0,0,8,108,6,0.51,20260101
35000450,2611606,1,1,0.364,1,1,0,1,1,1,1,0,1,1,19,357,22,0.86,20260101
35000451,2609600,1,1,0.145,0,0,0,1,1,1,0,0,0,0,9,116,6,0.57,20260101
35000452,2611101,1,0,0.04,0,0,0,1,1,1,0,0,0,0,10,257,14,0.58,20260101
35000453,2304400,1,1,0.481,1,1,1,1,0,1,1,1,1,1,24,441,29,0.98,20260101
35000454,2304202,1,1,0.694,1,1,0,1,1,1,1,0,1,1,17,678,42,0.81,20260101
35000455,2313500,1,1,0.271,0,1,1,1,1,1,0,1,1,1,29,2961,211,0.98,20260101
35000456,5208707,1,0,0.076,0,1,0,1,1,1,1,0,0,1,4,272,15,0.56,20260101
35000457,5300108,1,1,0.573,1,1,1,1,0,1,1,1,1,1,15,728,45,0.91,20260101
35000458,1302603,1,1,0.036,0,0,0,1,1,1,0,1,0,0,7,263,14,0.54,20260101
35000459,1501402,1,0,0.117,0,0,0,1,0,1,1,0,0,0,5,133,7,0.63,20260101
35000460,2111300,1,1,0.351,1,1,0,1,0,1,1,0,1,1,12,631,39,0.86,20260101
35000461,5002704,1,1,0.505,1,1,1,1,0,1,0,0,0,1,22,625,39,0.93,20260101
35000462,3550308,1,1,0.417,0,1,1,1,0,1,1,1,1,1,20,915,61,0.98,20260101
35000463,3509502,1,0,0.086,0,1,0,1,1,1,1,0,0,0,6,317,17,0.5,20260101
35000464,3549805,1,1,0.405,0,1,1,1,1,1,1,1,1,1,36,1727,123,0.97,20260101
35000465,3304557,1,1,0.08,0,0,0,1,0,1,0,0,0,0,9,176,9,0.64,20260101
35000466,3301702,0,0,0.084,0,0,0,0,1,1,0,0,0,0,10,98,5,0.73,20260101
35000467,3303302,1,1,0.442,1,1,1,1,0,1,1,0,1,1,31,983,65,0.95,20260101
35000468,3106200,1,1,0.367,1,1,0,1,0,1,1,1,0,1,21,331,20,0.83,20260101
35000469,3170206,1,1,0.612,1,1,0,1,1,1,1,0,1,1,22,596,37,0.85,20260101
35000470,3136702,0,0,0.07,0,1,0,1,1,1,1,0,0,1,8,241,13,0.66,20260101
35000471,4106902,1,1,0.381,1,1,1,1,0,1,1,1,1,1,25,810,54,0.92,20260101
35000472,4113700,0,0,0.109,0,1,0,1,1,1,0,0,0,1,7,250,13,0.59,20260101
35000473,4118204,1,1,0.141,0,0,0,0,0,1,0,1,0,0,5,277,15,0.67,20260101
35000474,4314902,1,1,0.033,0,0,0,0,1,1,1,1,0,0,5,214,11,0.71,20260101
35000475,4304606,1,1,0.557,0,1,1,1,1,1,1,1,1,1,45,1199,85,0.97,20260101
35000476,4316907,1,1,0.403,1,1,1,1,1,1,1,1,1,1,39,2689,192,0.95,20260101
35000477,4205407,0,0,0.096,0,1,0,0,1,1,0,1,0,0,4,308,17,0.65,20260101
35000478,4209102,1,1,0.109,0,1,0,1,1,1,0,0,0,1,6,188,10,0.52,20260101
35000479,4202404,1,1,0.297,1,1,1,1,0,1,1,0,1,1,32,998,66,0.97,20260101
35000480,2927408,1,1,0.355,0,1,1,1,1,1,1,1,1,1,54,1104,78,0.87,20260101
35000481,2910800,1,0,0.14,0,1,0,0,1,1,0,0,0,1,10,308,17,0.59,20260101
35000482,2933307,1,1,0.575,0,1,1,1,1,1,0,1,1,1,58,2126,151,0.97,20260101
35000483,2611606,1,1,0.343,1,1,1,1,1,1,0,1,1,1,39,2000,142,0.93,20260101
35000484,2609600,1,1,0.257,1,1,1,1,0,1,1,1,1,1,17,511,34,0.97,20260101
35000485,2611101,1,1,0.748,0,1,0,1,0,1,1,0,0,1,13,429,26,0.92,20260101
35000486,2304400,1,1,0.689,1,1,1,1,0,1,0,0,1,1,12,322,20,0.86,20260101
35000487,2304202,1,1,0.494,1,1,1,1,0,1,1,1,1,1,29,913,60,0.91,20260101
35000488,2313500,1,1,0.665,1,1,1,1,1,1,0,1,1,1,10,318,19,0.93,20260101
35000489,5208707,0,0,0.139,0,0,0,1,1,1,0,0,0,0,5,301,16,0.54,20260101
35000490,5300108,1,1,0.554,0,1,1,1,1,1,0,1,1,1,42,2555,182,0.96,20260101
35000491,1302603,1,1,0.139,0,0,0,1,1,1,0,1,0,0,9,126,7,0.53,20260101
35000492,1501402,1,1,0.074,0,0,0,1,1,1,1,0,0,0,11,90,5,0.65,20260101
35000493,2111300,1,1,0.406,1,1,1,1,1,1,1,1,1,1,49,2790,199,0.9,20260101
35000494,5002704,1,1,0.758,1,1,1,1,1,1,1,0,1,1,16,603,37,0.86,20260101
35000495,3550308,1,1,0.283,1,1,1,1,0,1,1,1,1,1,22,1009,67,0.91,20260101
35000496,3509502,1,1,0.392,1,1,1,1,1,1,0,1,1,1,47,1922,137,0.85,20260101
35000497,3549805,1,1,0.354,1,1,1,1,1,1,1,0,1,1,19,601,37,0.83,20260101
35000498,3304557,1,1,0.649,1,1,0,1,0,1,1,1,0,1,19,393,24,0.91,20260101
35000499,3301702,1,1,0.808,1,1,1,1,1,1,1,0,0,1,16,695,43,0.84,20260101
35000500,3303302,1,1,0.817,1,1,1,1,0,1,1,1,1,1,19,432,27,0.83,20260101
35000501,3106200,1,1,0.576,0,1,1,1,1,1,1,1,1,1,30,1703,121,0.93,20260101
35000502,3170206,1,1,0.274,1,1,1,1,0,1,1,1,1,1,32,923,61,0.91,20260101
35000503,3136702,1,1,0.386,1,1,1,1,1,1,1,1,1,1,53,1930,137,0.93,20260101
35000504,4106902,1,1,0.064,0,0,0,0,1,1,0,0,0,0,9,315,17,0.65,20260101
35000505,4113700,1,1,0.735,1,1,1,1,1,1,1,1,1,1,22,266,16,0.94,20260101
35000506,4118204,1,1,0.527,0,1,1,1,1,1,1,1,1,1,54,3116,222,0.89,20260101
35000507,4314902,1,1,0.832,1,1,0,1,1,1,1,1,0,1,17,354,22,0.8,20260101
35000508,4304606,1,1,0.566,1,1,1,1,1,1,1,1,1,1,44,3033,216,0.87,20260101
35000509,4316907,1,1,0.132,0,0,0,1,1,1,0,0,0,0,10,264,14,0.51,20260101
35000510,4205407,1,1,0.727,0,1,1,1,0,1,1,0,1,1,16,338,21,0.81,20260101
35000511,4209102,0,0,0.1,0,1,0,1,0,1,0,0,0,0,5,339,18,0.7,20260101
35000512,4202404,1,0,0.111,0,1,0,0,1,1,0,1,0,0,4,245,13,0.63,20260101
35000513,2927408,1,0,0.027,0,0,0,1,1,1,1,1,0,1,11,160,8,0.63,20260101
35000514,2910800,1,1,0.232,1,1,1,1,0,1,1,0,1,1,31,991,66,0.96,20260101
35000515,2933307,1,0,0.056,0,0,0,1,1,1,0,0,0,1,9,318,17,0.62,20260101
35000516,2611606,1,0,0.131,0,0,0,1,1,1,0,0,0,1,5,283,15,0.54,20260101
35000517,2609600,1,1,0.062,0,0,0,0,1,1,1,0,0,0,9,145,8,0.51,20260101
35000518,2611101,1,1,0.531,1,1,1,1,1,1,1,1,1,1,47,1395,99,0.93,20260101
35000519,2304400,1,1,0.318,1,1,1,1,1,1,1,1,1,1,28,1213,86,0.97,20260101
35000520,2304202,1,1,0.531,0,1,1,1,0,1,1,1,1,1,12,642,40,0.94,20260101
35000521,2313500,0,0,0.044,0,0,0,1,0,1,1,1,0,0,7,210,11,0.59,20260101
35000522,5208707,1,1,0.843,0,1,0,1,1,1,0,0,1,1,11,255,15,0.88,20260101
35000523,5300108,1,1,0.047,0,0,0,1,1,1,0,0,0,0,9,342,19,0.54,20260101
35000524,1302603,1,1,0.251,1,1,1,1,1,1,0,1,1,1,42,1555,111,0.86,20260101
35000525,1501402,1,1,0.81,1,1,0,1,0,1,1,0,1,1,17,385,24,0.87,20260101
35000526,2111300,1,1,0.441,0,1,1,1,0,1,1,1,1,1,29,681,45,0.91,20260101
35000527,5002704,1,1,0.403,1,1,0,1,1,1,1,0,1,1,21,446,27,0.88,20260101
35000528,3550308,1,1,0.395,1,1,1,1,0,1,1,1,1,1,21,765,51,0.92,20260101
35000529,3509502,1,1,0.435,0,1,0,1,1,1,0,1,0,1,20,353,22,0.82,20260101
35000530,3549805,1,1,0.559,1,1,1,1,1,1,1,1,1,1,42,2482,177,0.97,20260101
35000531,3304557,1,1,0.107,0,0,0,1,1,1,1,0,0,1,4,170,9,0.71,20260101
35000532,3301702,1,1,0.381,1,1,1,1,0,1,0,1,0,1,18,625,39,0.91,20260101
35000533,3303302,1,1,0.373,0,1,1,1,1,1,1,1,1,1,46,2711,193,0.91,20260101
35000534,3106200,1,1,0.572,1,1,0,1,1,1,1,0,1,1,13,623,38,0.84,20260101
35000535,3170206,1,1,0.373,1,1,1,1,0,1,1,0,1,1,33,520,34,0.93,20260101
35000536,3136702,1,1,0.081,0,0,0,0,1,1,1,0,0,0,10,115,6,0.69,20260101
35000537,4106902,1,1,0.395,1,1,1,1,0,1,1,1,1,1,30,1046,69,0.92,20260101
35000538,4113700,1,1,0.369,1,1,1,1,1,1,1,0,1,1,16,624,39,0.81,20260101
35000539,4118204,1,1,0.578,1,1,0,1,1,1,0,1,1,1,18,272,17,0.94,20260101
35000540,4314902,1,1,0.374,1,1,1,1,0,1,1,0,1,1,19,1052,70,0.95,20260101
35000541,4304606,1,1,0.664,1,1,1,1,1,1,0,0,1,1,20,538,33,0.9,20260101
35000542,4316907,1,1,0.809,1,1,1,1,1,1,1,1,1,1,17,641,40,0.85,20260101
35000543,4205407,1,1,0.071,0,0,0,1,1,1,0,0,0,0,5,295,16,0.62,20260101
35000544,4209102,1,1,0.518,0,1,1,1,1,1,1,1,1,1,46,3026,216,0.88,20260101
35000545,4202404,1,1,0.626,0,1,0,1,0,1,1,0,1,1,12,583,36,0.89,20260101
35000546,2927408,1,1,0.494,1,1,0,1,0,1,0,0,1,1,15,722,45,0.91,20260101
35000547,2910800,1,1,0.492,1,1,1,1,1,1,1,1,1,1,59,1511,107,0.86,20260101
35000548,2933307,1,1,0.397,1,1,1,1,0,1,1,1,1,1,23,1101,73,0.96,20260101
35000549,2611606,1,1,0.725,1,1,1,1,1,1,0,1,0,1,11,429,26,0.86,20260101
35000550,2609600,1,1,0.29,1,1,1,1,0,1,1,0,1,1,18,1188,79,0.91,20260101
35000551,2611101,1,0,0.03,0,0,0,0,1,1,0,0,0,1,10,142,7,0.67,20260101
35000552,2304400,0,0,0.131,0,0,0,1,1,1,0,0,0,1,8,253,14,0.74,20260101
35000553,2304202,1,1,0.421,0,1,1,1,0,1,1,1,1,1,19,696,46,0.98,20260101
35000554,2313500,1,1,0.554,1,1,1,1,1,1,0,1,1,1,26,2810,200,0.93,20260101
35000555,5208707,1,1,0.111,0,0,0,0,1,1,1,0,0,0,4,111,6,0.56,20260101
35000556,5300108,1,1,0.051,0,0,0,0,0,1,0,0,0,1,8,177,9,0.6,20260101
35000557,1302603,1,0,0.112,0,1,0,0,1,1,0,1,0,1,10,145,8,0.52,20260101
35000558,1501402,1,1,0.375,0,1,1,1,0,1,1,0,1,1,23,732,45,0.84,20260101
35000559,2111300,1,1,0.454,1,1,1,1,1,1,1,1,1,1,44,1447,103,0.95,20260101
35000560,5002704,1,1,0.06,0,1,0,1,0,1,0,0,0,1,11,212,11,0.59,20260101
35000561,3550308,1,1,0.676,1,1,1,1,0,1,1,0,0,1,11,288,18,0.87,20260101
35000562,3509502,1,1,0.67,1,1,1,1,0,1,1,0,1,1,12,548,34,0.87,20260101
35000563,3549805,1,0,0.136,0,0,0,0,1,1,0,0,0,0,6,213,11,0.54,20260101
35000564,3304557,1,1,0.53,1,1,0,1,0,1,1,0,1,1,13,331,20,0.92,20260101
35000565,3301702,0,0,0.037,0,1,0,1,1,1,0,0,0,1,4,134,7,0.72,20260101
35000566,3303302,1,0,0.091,0,0,0,1,1,1,0,1,0,0,11,85,4,0.67,20260101
35000567,3106200,1,1,0.069,0,0,0,1,1,1,1,0,0,1,11,104,5,0.52,20260101
35000568,3170206,1,1,0.55,1,1,1,1,1,1,0,1,1,1,31,1783,127,0.95,20260101
35000569,3136702,1,1,0.022,0,0,0,1,0,1,0,0,0,0,11,191,10,0.67,20260101
35000570,4106902,1,1,0.405,0,1,1,1,1,1,1,1,1,1,33,3022,215,0.91,20260101
35000571,4113700,1,1,0.057,0,0,0,0,0,1,0,0,0,1,10,221,12,0.75,20260101
35000572,4118204,0,0,0.057,0,1,0,1,1,1,1,1,0,0,11,144,8,0.72,20260101
35000573,4314902,1,1,0.494,1,1,1,1,0,1,1,0,1,1,10,520,32,0.85,20260101
35000574,4304606,1,1,0.552,1,1,1,1,1,1,1,1,1,1,34,2875,205,0.9,20260101
35000575,4316907,0,0,0.033,0,0,0,1,1,1,0,0,0,1,4,69,4,0.71,20260101
35000576,4205407,0,0,0.107,0,1,0,1,1,1,0,1,0,0,9,274,15,0.7,20260101
35000577,4209102,0,0,0.087,0,0,0,1,1,1,0,0,0,0,5,105,5,0.59,20260101
35000578,4202404,1,1,0.042,0,0,0,0,0,1,1,0,0,0,8,255,14,0.56,20260101
35000579,2927408,1,1,0.206,0,1,1,1,0,1,1,1,1,1,22,474,31,0.96,20260101
35000580,2910800,1,1,0.332,0,1,1,1,1,1,1,1,1,1,49,2729,194,0.93,20260101
35000581,2933307,1,0,0.131,0,0,0,0,1,1,0,0,0,1,4,191,10,0.62,20260101
35000582,2611606,1,0,0.086,0,0,0,1,1,1,1,0,0,1,5,163,9,0.5,20260101
35000583,2609600,1,1,0.47,1,1,1,1,1,1,1,1,1,1,46,2488,177,0.89,20260101
35000584,2611101,1,1,0.32,0,1,1,1,1,1,1,1,1,1,35,1947,139,0.9,20260101
35000585,2304400,1,1,0.553,0,1,1,1,1,1,1,1,1,1,28,1204,86,0.94,20260101
35000586,2304202,1,1,0.459,1,1,1,1,0,1,1,1,1,1,33,487,32,0.99,20260101
35000587,2313500,1,1,0.505,1,1,1,1,0,1,1,1,1,1,23,695,43,0.83,20260101
35000588,5208707,1,1,0.573,0,1,1,1,1,1,0,1,1,1,20,298,18,0.88,20260101
35000589,5300108,1,1,0.289,0,1,1,1,0,1,1,1,1,1,15,862,57,0.94,20260101
35000590,1302603,1,1,0.455,0,1,1,1,0,1,1,0,1,1,34,487,32,0.9,20260101
35000591,1501402,1,1,0.542,1,1,1,1,1,1,1,1,1,1,49,2543,181,0.87,20260101
35000592,2111300,1,0,0.137,0,0,0,1,1,1,1,0,0,1,6,172,9,0.59,20260101
35000593,5002704,1,1,0.35,1,1,0,1,1,1,0,0,0,1,16,500,31,0.93,20260101
35000594,3550308,1,1,0.33,1,1,1,1,1,1,1,1,1,1,33,1652,118,0.93,20260101
35000595,3509502,1,1,0.384,0,1,1,1,1,1,1,1,1,1,34,2379,169,0.93,20260101
35000596,3549805,1,1,0.343,1,1,1,1,1,1,1,1,1,1,44,1267,90,0.93,20260101
35000597,3304557,1,1,0.384,1,1,1,1,1,1,0,1,1,1,25,2232,159,0.91,20260101
35000598,3301702,1,1,0.419,1,1,1,1,1,1,0,1,1,1,57,2409,172,0.88,20260101
35000599,3303302,0,0,0.077,0,0,0,1,1,1,0,0,0,1,10,82,4,0.66,20260101
35000600,3106200,1,1,0.094,0,0,0,0,1,1,0,0,0,0,8,147,8,0.63,20260101
35000601,3170206,1,1,0.419,1,1,1,1,1,1,1,1,1,1,55,2451,175,0.89,20260101
35000602,3136702,1,1,0.283,1,1,1,1,0,1,1,1,1,1,28,774,51,0.96,20260101
35000603,4106902,1,1,0.114,0,1,0,1,1,1,0,1,0,1,4,290,16,0.67,20260101
35000604,4113700,1,1,0.79,1,1,1,1,0,1,0,0,1,1,16,491,30,0.87,20260101
35000605,4118204,1,1,0.319,1,1,1,1,1,1,1,1,1,1,27,2855,203,0.92,20260101
35000606,4314902,1,1,0.467,1,1,1,1,0,1,1,0,1,1,34,482,32,0.91,20260101
35000607,4304606,1,1,0.08,0,0,0,1,1,1,1,0,0,1,4,182,10,0.66,20260101
35000608,4316907,1,1,0.371,1,1,1,1,1,1,1,1,1,1,48,2179,155,0.93,20260101
35000609,4205407,1,0,0.061,0,0,0,1,0,1,0,0,0,0,11,158,8,0.53,20260101
35000610,4209102,1,1,0.44,0,1,1,1,1,1,1,1,1,1,32,1549,110,0.97,20260101
35000611,4202404,1,1,0.406,1,1,0,1,1,1,0,0,1,1,17,731,45,0.83,20260101
35000612,2927408,1,1,0.231,0,1,1,1,0,1,1,0,1,1,21,446,29,0.99,20260101
35000613,2910800,1,1,0.339,1,1,1,1,1,1,1,1,1,1,42,2952,210,0.91,20260101
35000614,2933307,1,1,0.249,1,1,1,1,0,1,1,1,1,1,28,1110,74,0.95,20260101
35000615,2611606,1,1,0.042,0,0,0,1,1,1,1,0,0,0,4,223,12,0.75,20260101
35000616,2609600,1,1,0.298,1,1,1,1,0,1,1,1,1,1,19,1086,72,0.9,20260101
35000617,2611101,0,0,0.039,0,0,0,0,1,1,0,0,0,1,4,97,5,0.51,20260101
35000618,2304400,1,1,0.762,1,1,1,1,1,1,1,0,1,1,15,338,21,0.81,20260101
35000619,2304202,1,1,0.479,1,1,1,1,1,1,1,1,1,1,33,2975,212,0.93,20260101
35000620,2313500,1,1,0.222,0,1,1,1,0,1,1,1,1,1,32,577,38,0.91,20260101
35000621,5208707,0,0,0.107,0,1,0,1,1,1,0,1,0,0,9,148,8,0.6,20260101
35000622,5300108,1,1,0.271,0,1,1,1,0,1,1,1,1,1,23,636,42,0.91,20260101
35000623,1302603,1,1,0.477,0,1,1,1,0,1,1,1,1,1,25,511,34,0.95,20260101
35000624,1501402,0,0,0.101,0,0,0,1,1,1,0,0,0,0,8,287,15,0.67,20260101
35000625,2111300,1,1,0.317,0,1,1,1,0,1,1,1,1,1,23,860,57,0.95,20260101
35000626,5002704,1,1,0.499,1,1,0,1,0,1,0,0,0,1,16,642,40,0.9,20260101
35000627,3550308,1,1,0.453,1,1,1,1,1,1,1,1,1,1,38,2440,174,0.9,20260101
35000628,3509502,1,1,0.438,0,1,1,1,1,1,0,1,1,1,43,2872,205,0.97,20260101
35000629,3549805,1,1,0.073,0,0,0,0,1,1,0,0,0,0,5,104,5,0.56,20260101
35000630,3304557,1,1,0.355,0,1,1,1,1,1,0,1,1,1,39,2860,204,0.87,20260101
35000631,3301702,1,1,0.614,1,1,0,1,1,1,1,0,0,1,19,728,45,0.92,20260101
35000632,3303302,1,1,0.252,0,1,1,1,1,1,1,1,1,1,50,1387,99,0.91,20260101
35000633,3106200,1,1,0.367,0,1,1,1,0,1,1,1,1,1,25,1134,75,0.95,20260101
35000634,3170206,1,1,0.461,1,1,1,1,0,1,1,1,1,1,15,1155,77,0.92,20260101
35000635,3136702,1,1,0.212,1,1,1,1,0,1,1,1,1,1,20,896,59,0.98,20260101
35000636,4106902,1,1,0.263,1,1,1,1,1,1,1,1,1,1,57,2587,184,0.94,20260101
35000637,4113700,0,0,0.114,0,0,0,1,1,1,0,1,0,1,8,250,13,0.6,20260101
35000638,4118204,1,1,0.133,0,1,0,1,1,1,0,0,0,1,5,341,18,0.67,20260101
35000639,4314902,1,1,0.543,1,1,1,1,1,1,0,1,1,1,50,2110,150,0.91,20260101
35000640,4304606,1,1,0.435,0,1,1,1,0,1,1,1,1,1,24,1090,72,0.99,20260101
35000641,4316907,1,1,0.282,1,1,1,1,0,1,1,1,1,1,30,1038,69,0.93,20260101
35000642,4205407,1,1,0.596,0,1,0,1,1,1,1,0,1,1,12,487,30,0.86,20260101
35000643,4209102,1,1,0.469,1,1,1,1,1,1,0,1,1,1,10,472,29,0.84,20260101
35000644,4202404,1,1,0.024,0,0,0,0,1,1,0,0,0,1,4,225,12,0.68,20260101
35000645,2927408,1,1,0.289,1,1,1,1,0,1,1,0,1,1,25,458,30,0.96,20260101
35000646,2910800,1,1,0.412,1,1,1,1,0,1,1,1,1,1,30,1036,69,0.95,20260101
35000647,2933307,1,1,0.504,1,1,1,1,1,1,0,1,1,1,43,2461,175,0.88,20260101
35000648,2611606,0,0,0.122,0,0,0,1,1,1,1,0,0,1,4,194,10,0.65,20260101
35000649,2609600,1,1,0.37,1,1,0,1,1,1,1,0,1,1,21,418,26,0.91,20260101
35000650,2611101,1,1,0.423,1,1,0,1,0,1,1,1,1,1,14,391,24,0.93,20260101
35000651,2304400,1,1,0.147,0,0,0,0,1,1,0,0,0,0,4,260,14,0.67,20260101
35000652,2304202,1,1,0.513,1,1,1,1,1,1,1,1,1,1,37,3142,224,0.91,20260101
35000653,2313500,1,1,0.529,1,1,1,1,1,1,1,0,1,1,22,296,18,0.93,20260101
35000654,5208707,1,1,0.489,0,1,1,1,0,1,1,0,1,1,17,978,65,0.95,20260101
35000655,5300108,0,0,0.101,0,1,0,1,0,1,1,1,0,0,4,294,16,0.6,20260101
35000656,1302603,1,1,0.104,0,0,0,0,1,1,0,0,0,0,10,68,4,0.51,20260101
35000657,1501402,1,1,0.386,1,1,0,1,1,1,1,1,1,1,12,506,31,0.8,20260101
35000658,2111300,0,0,0.075,0,1,0,1,0,1,0,0,0,1,11,154,8,0.66,20260101
35000659,5002704,1,1,0.224,1,1,1,1,0,1,1,0,1,1,33,1199,79,0.93,20260101
35000660,3550308,1,0,0.078,0,1,0,1,1,1,0,0,0,1,5,129,7,0.64,20260101
35000661,3509502,1,1,0.398,1,1,1,1,0,1,1,0,1,1,33,840,56,0.96,20260101
35000662,3549805,1,0,0.117,0,0,0,1,1,1,0,0,0,0,7,99,5,0.57,20260101
35000663,3304557,1,1,0.049,0,0,0,1,0,1,1,1,0,0,7,313,17,0.57,20260101
35000664,3301702,1,1,0.296,0,1,1,1,0,1,1,1,1,1,32,443,29,0.98,20260101
35000665,3303302,1,0,0.087,0,0,0,1,1,1,1,0,0,0,10,130,7,0.68,20260101
35000666,3106200,1,1,0.368,1,1,1,1,1,1,0,1,1,1,56,2137,152,0.96,20260101
35000667,3170206,1,1,0.653,1,1,0,1,1,1,1,0,0,1,11,689,43,0.92,20260101
35000668,3136702,1,0,0.104,0,0,0,1,0,1,0,0,0,0,11,166,9,0.6,20260101
35000669,4106902,1,1,0.537,0,1,1,1,0,1,1,1,1,1,16,290,18,0.85,20260101
35000670,4113700,1,1,0.462,1,1,1,1,0,1,1,1,1,1,22,668,41,0.83,20260101
35000671,4118204,1,1,0.763,1,1,0,1,1,1,1,1,1,1,21,648,40,0.86,20260101
35000672,4314902,1,1,0.428,1,1,1,1,0,1,1,0,1,1,30,808,53,0.97,20260101
35000673,4304606,1,1,0.33,1,1,1,1,0,1,1,1,1,1,23,812,54,0.94,20260101
35000674,4316907,1,1,0.414,0,1,1,1,0,1,1,0,1,1,33,480,32,0.92,20260101
35000675,4205407,0,0,0.115,0,0,0,1,1,1,0,0,0,0,8,266,14,0.62,20260101
35000676,4209102,0,0,0.138,0,1,0,1,1,1,1,0,0,0,5,97,5,0.72,20260101
35000677,4202404,0,0,0.134,0,0,0,0,1,1,0,0,0,0,9,88,4,0.61,20260101
35000678,2927408,0,0,0.025,0,1,0,0,0,1,0,0,0,1,8,280,15,0.69,20260101
35000679,2910800,1,0,0.106,0,0,0,1,1,1,1,0,0,1,6,255,14,0.57,20260101
35000680,2933307,1,1,0.229,1,1,1,1,0,1,1,1,1,1,34,675,45,0.92,20260101
35000681,2611606,1,1,0.407,1,1,1,1,1,1,1,1,1,1,32,2525,180,0.91,20260101
35000682,2609600,1,1,0.117,0,0,0,0,1,1,1,0,0,1,6,308,17,0.53,20260101
35000683,2611101,1,0,0.146,0,1,0,0,1,1,0,0,0,0,10,154,8,0.51,20260101
35000684,2304400,1,1,0.124,0,0,0,0,1,1,0,0,0,1,7,63,4,0.74,20260101
35000685,2304202,0,0,0.127,0,0,0,0,1,1,0,0,0,0,4,245,13,0.65,20260101
35000686,2313500,1,1,0.422,1,1,1,1,0,1,1,1,1,1,33,496,33,0.94,20260101
35000687,5208707,1,1,0.643,1,1,1,1,0,1,1,0,1,1,10,557,34,0.92,20260101
35000688,5300108,1,1,0.569,1,1,1,1,1,1,1,1,1,1,26,1857,132,0.95,20260101
35000689,1302603,1,0,0.116,0,0,0,1,1,1,0,1,0,1,10,164,9,0.51,20260101
35000690,1501402,1,0,0.088,0,0,0,1,1,1,0,0,0,0,8,324,18,0.67,20260101
35000691,2111300,1,1,0.368,1,1,1,1,0,1,0,1,0,1,20,556,34,0.9,20260101
35000692,5002704,1,1,0.133,0,0,0,1,1,1,0,0,0,1,4,234,13,0.52,20260101
35000693,3550308,1,1,0.467,1,1,1,1,1,1,0,1,1,1,43,1822,130,0.94,20260101
35000694,3509502,0,0,0.027,0,1,0,0,1,1,0,0,0,1,11,130,7,0.55,20260101
35000695,3549805,0,0,0.11,0,0,0,0,1,1,0,0,0,1,11,326,18,0.67,20260101
35000696,3304557,1,1,0.077,0,1,0,1,1,1,1,1,0,1,8,311,17,0.68,20260101
35000697,3301702,1,1,0.494,1,1,1,1,0,1,1,1,1,1,16,1174,78,0.92,20260101
35000698,3303302,1,1,0.838,1,1,1,1,0,1,0,1,0,1,23,601,37,0.88,20260101
35000699,3106200,0,0,0.063,0,0,0,1,1,1,0,0,0,1,6,239,13,0.7,20260101
35000700,3170206,0,0,0.149,0,0,0,0,1,1,0,0,0,0,6,117,6,0.73,20260101
35000701,3136702,1,1,0.31,1,1,1,1,0,1,1,1,1,1,28,1114,74,0.91,20260101
35000702,4106902,1,1,0.353,1,1,1,1,0,1,1,1,1,1,15,664,44,0.9,20260101
35000703,4113700,1,1,0.238,1,1,1,1,0,1,1,1,1,1,26,654,43,0.94,20260101
35000704,4118204,1,1,0.768,1,1,1,1,0,1,1,0,1,1,23,377,23,0.84,20260101
35000705,4314902,1,1,0.498,1,1,1,1,0,1,1,1,1,1,24,778,51,0.92,20260101
35000706,4304606,1,1,0.499,1,1,1,1,1,1,1,0,1,1,17,258,16,0.87,20260101
35000707,4316907,1,1,0.368,1,1,1,1,0,1,1,0,1,1,20,980,65,0.97,20260101
35000708,4205407,1,1,0.42,1,1,1,1,1,1,1,1,1,1,51,1246,89,0.85,20260101
35000709,4209102,1,1,0.284,1,1,1,1,1,1,1,1,1,1,33,1255,89,0.95,20260101
35000710,4202404,1,1,0.415,1,1,1,1,1,1,1,1,1,1,48,2496,178,0.9,20260101
35000711,2927408,1,1,0.334,1,1,1,1,0,1,1,1,1,1,33,976,65,0.94,20260101
35000712,2910800,1,1,0.584,1,1,0,1,0,1,1,0,0,1,17,620,38,0.81,20260101
35000713,2933307,1,1,0.287,1,1,1,1,0,1,1,1,1,1,27,679,45,0.99,20260101
35000714,2611606,1,1,0.377,1,1,1,1,0,1,1,1,1,1,19,836,55,0.93,20260101
35000715,2609600,1,1,0.455,0,1,0,1,0,1,1,0,1,1,12,464,29,0.91,20260101
35000716,2611101,1,1,0.73,0,1,1,1,0,1,0,0,0,1,13,417,26,0.82,20260101
35000717,2304400,1,0,0.132,0,1,0,0,0,1,0,0,0,0,9,342,19,0.55,20260101
35000718,2304202,1,1,0.132,0,0,0,1,0,1,0,0,0,0,4,115,6,0.68,20260101
35000719,2313500,1,1,0.055,0,1,0,1,1,1,0,0,0,0,9,77,4,0.51,20260101
35000720,5208707,1,1,0.247,0,1,1,1,0,1,1,1,1,1,23,423,28,0.98,20260101
35000721,5300108,1,0,0.044,0,1,0,0,1,1,0,0,0,1,7,336,18,0.53,20260101
35000722,1302603,1,1,0.654,1,1,1,1,1,1,1,0,0,1,17,374,23,0.94,20260101
35000723,1501402,1,1,0.296,0,1,1,1,0,1,1,1,1,1,32,498,33,0.94,20260101
35000724,2111300,1,1,0.428,1,1,1,1,1,1,0,1,1,1,17,274,17,0.94,20260101
35000725,5002704,1,1,0.362,0,1,1,1,0,1,1,0,1,1,18,964,64,0.94,20260101
35000726,3550308,1,1,0.064,0,1,0,1,0,1,1,1,0,1,6,108,6,0.6,20260101
35000727,3509502,1,1,0.128,0,0,0,1,1,1,0,0,0,0,5,319,17,0.72,20260101
35000728,3549805,1,1,0.437,0,1,0,1,0,1,1,0,1,1,18,461,28,0.83,20260101
35000729,3304557,0,0,0.125,0,0,0,1,1,1,1,0,0,0,9,319,17,0.65,20260101
35000730,3301702,1,1,0.524,1,1,1,1,1,1,1,1,0,1,21,466,29,0.86,20260101
35000731,3303302,1,1,0.396,1,1,1,1,1,1,1,1,1,1,43,1461,104,0.97,20260101
35000732,3106200,1,1,0.231,1,1,1,1,0,1,1,1,1,1,17,1057,70,0.9,20260101
35000733,3170206,1,1,0.584,1,1,1,1,1,1,1,1,1,1,12,643,40,0.88,20260101
35000734,3136702,1,1,0.623,1,1,1,1,1,1,0,1,1,1,14,644,40,0.92,20260101
35000735,4106902,1,1,0.137,0,0,0,1,1,1,0,0,0,1,6,323,17,0.74,20260101
35000736,4113700,1,1,0.208,0,1,1,1,0,1,1,0,1,1,29,915,61,0.95,20260101
35000737,4118204,1,1,0.36,0,1,1,1,0,1,1,0,1,1,27,954,63,0.92,20260101
35000738,4314902,1,1,0.508,0,1,0,1,1,1,0,1,0,1,20,405,25,0.88,20260101
35000739,4304606,1,1,0.586,1,1,1,1,0,1,1,0,0,1,14,710,44,0.91,20260101
35000740,4316907,1,1,0.442,0,1,1,1,0,1,1,1,1,1,17,944,62,0.9,20260101
35000741,4205407,1,0,0.071,0,1,0,1,1,1,0,0,0,0,8,150,8,0.69,20260101
35000742,4209102,1,1,0.036,0,0,0,0,1,1,0,0,0,1,7,126,7,0.73,20260101
35000743,4202404,1,1,0.067,0,0,0,0,1,1,1,0,0,0,9,218,12,0.72,20260101
35000744,2927408,0,0,0.09,0,1,0,1,0,1,0,0,0,1,11,320,17,0.56,20260101
35000745,2910800,1,1,0.362,0,1,1,1,1,1,1,1,1,1,32,2652,189,0.87,20260101
35000746,2933307,1,1,0.428,1,1,1,1,1,1,1,1,1,1,44,2647,189,0.85,20260101
35000747,2611606,1,1,0.064,0,0,0,1,1,1,1,0,0,0,5,267,14,0.55,20260101
35000748,2609600,1,1,0.096,0,0,0,1,0,1,0,1,0,0,11,274,15,0.72,20260101
35000749,2611101,1,1,0.771,1,1,0,1,0,1,1,1,1,1,16,582,36,0.89,20260101
35000750,2304400,1,1,0.777,1,1,1,1,1,1,0,1,1,1,18,281,17,0.81,20260101
35000751,2304202,1,1,0.036,0,0,0,0,1,1,0,0,0,1,11,105,5,0.65,20260101
35000752,2313500,1,1,0.675,1,1,1,1,1,1,0,0,1,1,20,452,28,0.81,20260101
35000753,5208707,1,1,0.571,0,1,0,1,1,1,1,1,1,1,13,561,35,0.83,20260101
35000754,5300108,0,0,0.062,0,0,0,0,1,1,1,1,0,1,7,107,5,0.66,20260101
35000755,1302603,1,0,0.024,0,1,0,0,0,1,1,1,0,1,8,206,11,0.53,20260101
35000756,1501402,1,1,0.351,1,1,1,1,0,1,1,0,1,1,28,1045,69,0.98,20260101
35000757,2111300,1,1,0.714,0,1,0,1,1,1,0,0,1,1,10,283,17,0.91,20260101
35000758,5002704,1,0,0.048,0,1,0,1,1,1,0,0,0,0,5,322,17,0.69,20260101
35000759,3550308,1,1,0.457,1,1,1,1,1,1,0,1,1,1,18,374,23,0.92,20260101
35000760,3509502,1,1,0.689,1,1,0,1,0,1,0,1,1,1,22,384,24,0.86,20260101
35000761,3549805,1,1,0.656,1,1,1,1,1,1,1,1,1,1,22,428,26,0.9,20260101
35000762,3304557,1,1,0.069,0,0,0,0,1,1,0,0,0,1,9,76,4,0.63,20260101
35000763,3301702,1,1,0.493,1,1,0,1,0,1,0,0,0,1,10,599,37,0.81,20260101
35000764,3303302,1,1,0.42,1,1,1,1,1,1,1,1,1,1,58,2783,198,0.86,20260101
35000765,3106200,1,0,0.128,0,0,0,1,1,1,0,0,0,0,11,323,17,0.61,20260101
35000766,3170206,1,1,0.144,0,0,0,1,0,1,0,0,0,0,4,304,16,0.71,20260101
35000767,3136702,1,1,0.121,0,0,0,1,1,1,0,0,0,0,4,349,19,0.57,20260101
35000768,4106902,1,1,0.72,1,1,1,1,0,1,1,0,1,1,11,476,29,0.91,20260101
35000769,4113700,1,1,0.531,0,1,1,1,1,1,1,1,1,1,42,2300,164,0.91,20260101
35000770,4118204,1,1,0.357,0,1,1,1,0,1,1,0,1,1,20,913,60,0.98,20260101
35000771,4314902,1,1,0.483,1,1,1,1,0,1,0,1,1,1,21,652,40,0.9,20260101
35000772,4304606,1,1,0.586,1,1,1,1,1,1,1,1,1,1,50,1759,125,0.97,20260101
35000773,4316907,1,1,0.404,0,1,1,1,0,1,1,1,1,1,25,553,36,0.94,20260101
35000774,4205407,1,1,0.437,1,1,1,1,1,1,0,1,1,1,45,2175,155,0.93,20260101
35000775,4209102,1,1,0.044,0,0,0,1,1,1,0,0,0,0,4,183,10,0.6,20260101
35000776,4202404,1,1,0.311,1,1,1,1,0,1,1,1,1,1,31,778,51,0.92,20260101
35000777,2927408,1,0,0.03,0,0,0,0,1,1,0,0,0,0,4,132,7,0.6,20260101
35000778,2910800,1,1,0.846,1,1,0,1,1,1,1,0,1,1,19,533,33,0.87,20260101
35000779,2933307,1,1,0.371,1,1,1,1,0,1,1,1,1,1,28,1023,68,0.95,20260101
35000780,2611606,1,1,0.478,0,1,1,1,0,1,1,0,1,1,24,888,59,0.97,20260101
35000781,2609600,1,1,0.13,0,0,0,0,1,1,0,0,0,1,6,327,18,0.63,20260101
35000782,2611101,0,0,0.118,0,0,0,0,0,1,1,0,0,0,6,336,18,0.6,20260101
35000783,2304400,1,1,0.42,1,1,1,1,0,1,0,1,1,1,21,373,23,0.91,20260101
35000784,2304202,1,1,0.515,1,1,1,1,1,1,1,1,1,1,47,2756,196,0.92,20260101
35000785,2313500,0,0,0.039,0,0,0,0,1,1,0,0,0,1,4,191,10,0.57,20260101
35000786,5208707,1,1,0.43,1,1,1,1,1,1,1,1,1,1,34,1035,73,0.93,20260101
35000787,5300108,1,1,0.491,1,1,1,1,0,1,1,1,1,1,30,901,60,0.98,20260101
35000788,1302603,1,1,0.284,0,1,1,1,1,1,1,1,1,1,51,2124,151,0.87,20260101
35000789,1501402,1,1,0.389,0,1,1,1,1,1,1,1,1,1,56,1809,129,0.92,20260101
35000790,2111300,1,1,0.418,0,1,1,1,0,1,1,1,1,1,16,404,26,0.94,20260101
35000791,5002704,1,1,0.262,0,1,1,1,0,1,1,1,1,1,29,702,46,0.97,20260101
35000792,3550308,1,1,0.06,0,0,0,1,1,1,0,0,0,0,6,159,8,0.72,20260101
35000793,3509502,1,1,0.63,1,1,1,1,1,1,0,1,1,1,15,513,32,0.91,20260101
35000794,3549805,1,1,0.215,0,1,1,1,0,1,1,1,1,1,16,964,64,0.97,20260101
35000795,3304557,1,1,0.093,0,0,0,1,0,1,0,0,0,1,10,258,14,0.63,20260101
35000796,3301702,1,1,0.625,1,1,1,1,1,1,0,0,0,1,20,687,42,0.87,20260101
35000797,3303302,1,0,0.061,0,0,0,0,0,1,0,0,0,0,9,79,4,0.69,20260101
35000798,3106200,1,0,0.089,0,0,0,1,1,1,0,0,0,1,8,118,6,0.66,20260101
35000799,3170206,1,0,0.106,0,1,0,0,1,1,0,0,0,0,11,65,4,0.53,20260101
35000800,3136702,1,1,0.062,0,0,0,1,0,1,0,0,0,1,7,325,18,0.6,20260101
35000801,4106902,1,0,0.116,0,0,0,1,1,1,1,1,0,0,10,75,4,0.62,20260101
35000802,4113700,1,1,0.147,0,1,0,0,0,1,0,0,0,1,8,222,12,0.53,20260101
35000803,4118204,1,1,0.602,1,1,0,1,0,1,1,1,1,1,10,544,34,0.83,20260101
35000804,4314902,1,1,0.718,1,1,1,1,1,1,0,0,1,1,15,700,43,0.82,20260101
35000805,4304606,1,1,0.045,0,0,0,1,1,1,0,0,0,1,10,150,8,0.57,20260101
35000806,4316907,1,1,0.31,1,1,1,1,1,1,1,1,1,1,53,1074,76,0.9,20260101
35000807,4205407,1,1,0.21,1,1,1,1,0,1,1,0,1,1,21,774,51,0.97,20260101
35000808,4209102,0,0,0.081,0,1,0,0,1,1,1,0,0,1,8,153,8,0.63,20260101
35000809,4202404,1,1,0.454,0,1,1,1,1,1,1,1,1,1,51,1747,124,0.85,20260101
35000810,2927408,1,1,0.506,1,1,0,1,1,1,0,0,1,1,10,535,33,0.81,20260101
35000811,2910800,1,1,0.422,0,1,1,1,0,1,1,0,0,1,17,358,22,0.88,20260101
35000812,2933307,1,1,0.246,1,1,1,1,0,1,1,0,1,1,24,775,51,0.92,20260101
35000813,2611606,1,1,0.268,1,1,1,1,0,1,1,1,1,1,29,962,64,0.92,20260101
35000814,2609600,1,0,0.148,0,1,0,1,1,1,1,0,0,0,10,174,9,0.6,20260101
35000815,2611101,1,1,0.399,0,1,1,1,1,1,1,1,1,1,43,1063,75,0.94,20260101
35000816,2304400,0,0,0.142,0,0,0,1,1,1,0,0,0,0,7,321,17,0.54,20260101
35000817,2304202,1,1,0.361,1,1,1,1,1,1,1,1,1,1,36,1493,106,0.91,20260101
35000818,2313500,1,1,0.318,1,1,1,1,1,1,1,1,1,1,45,2096,149,0.88,20260101
35000819,5208707,1,1,0.214,0,1,1,1,0,1,1,1,1,1,33,853,56,0.96,20260101
35000820,5300108,1,1,0.824,0,1,1,1,1,1,0,0,0,1,13,629,39,0.88,20260101
35000821,1302603,0,0,0.056,0,0,0,1,1,1,0,0,0,1,7,223,12,0.53,20260101
35000822,1501402,1,1,0.065,0,0,0,0,1,1,0,0,0,0,4,289,16,0.61,20260101
35000823,2111300,1,0,0.102,0,1,0,0,1,1,0,0,0,0,7,147,8,0.64,20260101
35000824,5002704,1,1,0.122,0,1,0,1,0,1,0,0,0,1,11,97,5,0.51,20260101
35000825,3550308,1,1,0.305,1,1,1,1,0,1,1,1,1,1,23,598,39,0.98,20260101
35000826,3509502,1,1,0.373,1,1,1,1,0,1,1,0,1,1,15,928,61,0.92,20260101
35000827,3549805,1,1,0.582,1,1,1,1,1,1,1,1,1,1,56,3181,227,0.95,20260101
35000828,3304557,0,0,0.075,0,1,0,1,1,1,0,0,0,1,4,168,9,0.51,20260101
35000829,3301702,1,1,0.21,0,1,1,1,0,1,1,0,1,1,34,700,46,0.95,20260101
35000830,3303302,1,1,0.577,1,1,1,1,1,1,0,1,1,1,25,2869,204,0.95,20260101
35000831,3106200,1,0,0.053,0,0,0,0,1,1,0,0,0,0,11,165,9,0.72,20260101
35000832,3170206,1,1,0.487,1,1,1,1,1,1,1,1,1,1,12,267,16,0.89,20260101
35000833,3136702,0,0,0.113,0,0,0,1,0,1,0,0,0,0,11,91,5,0.75,20260101
35000834,4106902,1,1,0.235,1,1,1,1,0,1,1,1,1,1,33,1096,73,0.95,20260101
35000835,4113700,1,1,0.782,1,1,0,1,0,1,1,0,1,1,10,738,46,0.9,20260101
35000836,4118204,1,1,0.449,1,1,0,1,1,1,0,0,0,1,11,710,44,0.87,20260101
35000837,4314902,1,1,0.372,1,1,1,1,0,1,1,1,1,1,19,1090,72,0.96,20260101
35000838,4304606,0,0,0.113,0,0,0,1,1,1,1,0,0,1,4,341,18,0.71,20260101
35000839,4316907,1,1,0.424,1,1,1,1,1,1,0,0,0,1,13,729,45,0.85,20260101
35000840,4205407,1,1,0.335,1,1,1,1,0,1,1,0,1,1,31,1163,77,0.9,20260101
35000841,4209102,1,1,0.384,1,1,1,1,0,1,1,0,1,1,16,1022,68,0.96,20260101
35000842,4202404,1,1,0.841,1,1,1,1,1,1,0,1,0,1,22,327,20,0.94,20260101
35000843,2927408,0,0,0.063,0,0,0,1,1,1,0,0,0,0,7,151,8,0.61,20260101
35000844,2910800,1,1,0.493,1,1,1,1,0,1,1,1,1,1,24,465,31,0.9,20260101
35000845,2933307,1,1,0.439,1,1,0,1,1,1,1,1,1,1,16,653,40,0.87,20260101
35000846,2611606,1,1,0.652,1,1,1,1,1,1,1,0,0,1,23,352,22,0.87,20260101
35000847,2609600,1,1,0.294,1,1,1,1,1,1,1,1,1,1,56,2037,145,0.95,20260101
35000848,2611101,1,1,0.379,0,1,1,1,1,1,1,1,1,1,46,2155,153,0.93,20260101
35000849,2304400,1,1,0.325,1,1,1,1,0,1,1,1,1,1,28,1005,67,0.95,20260101
35000850,2304202,0,0,0.111,0,0,0,1,1,1,0,0,0,1,5,168,9,0.73,20260101
35000851,2313500,1,1,0.087,0,1,0,0,1,1,0,0,0,0,8,98,5,0.69,20260101
35000852,5208707,1,1,0.393,1,1,1,1,1,1,1,1,1,1,58,2880,205,0.94,20260101
35000853,5300108,1,1,0.336,0,1,1,1,0,1,1,1,1,1,34,977,65,0.98,20260101
35000854,1302603,0,0,0.064,0,0,0,1,1,1,0,0,0,1,11,83,4,0.62,20260101
35000855,1501402,1,1,0.325,1,1,1,1,0,1,1,0,1,1,22,438,29,0.91,20260101
35000856,2111300,1,1,0.396,0,1,1,1,1,1,1,1,1,1,41,1721,122,0.98,20260101
35000857,5002704,1,0,0.042,0,0,0,0,1,1,1,0,0,0,5,315,17,0.65,20260101
35000858,3550308,1,1,0.029,0,1,0,1,1,1,1,0,0,1,11,243,13,0.66,20260101
35000859,3509502,0,0,0.104,0,0,0,1,1,1,0,1,0,0,8,335,18,0.69,20260101
35000860,3549805,1,1,0.439,1,1,1,1,1,1,1,0,0,1,12,650,40,0.82,20260101
35000861,3304557,1,1,0.394,1,1,1,1,1,1,0,1,1,1,39,2408,172,0.91,20260101
35000862,3301702,0,0,0.082,0,0,0,1,1,1,0,0,0,0,5,174,9,0.6,20260101
35000863,3303302,1,1,0.367,0,1,1,1,1,1,0,1,1,1,55,2384,170,0.87,20260101
35000864,3106200,1,1,0.226,1,1,1,1,0,1,1,1,1,1,33,934,62,0.92,20260101
35000865,3170206,1,0,0.047,0,1,0,0,1,1,0,1,0,0,11,322,17,0.64,20260101
35000866,3136702,1,1,0.433,1,1,0,1,0,1,0,1,1,1,14,534,33,0.87,20260101
35000867,4106902,1,1,0.54,1,1,1,1,1,1,1,1,0,1,22,395,24,0.86,20260101
35000868,4113700,1,0,0.055,0,1,0,0,1,1,1,0,0,1,4,339,18,0.51,20260101
35000869,4118204,1,1,0.134,0,0,0,1,1,1,0,1,0,1,6,295,16,0.62,20260101
35000870,4314902,1,1,0.542,1,1,1,1,1,1,0,0,1,1,19,654,40,0.85,20260101
35000871,4304606,1,1,0.724,1,1,1,1,0,1,1,1,1,1,16,516,32,0.9,20260101
35000872,4316907,1,1,0.524,1,1,1,1,1,1,0,1,1,1,31,2759,197,0.95,20260101
35000873,4205407,1,0,0.026,0,0,0,1,1,1,0,1,0,0,8,99,5,0.63,20260101
35000874,4209102,1,0,0.144,0,0,0,0,1,1,0,0,0,0,8,205,11,0.68,20260101
35000875,4202404,0,0,0.139,0,1,0,1,1,1,0,0,0,1,4,223,12,0.73,20260101
35000876,2927408,1,1,0.594,1,1,1,1,1,1,0,0,0,1,15,623,38,0.86,20260101
35000877,2910800,1,1,0.561,1,1,1,1,1,1,1,1,1,1,57,3125,223,0.9,20260101
35000878,2933307,1,1,0.382,0,1,1,1,0,1,1,1,1,1,23,670,44,0.91,20260101
35000879,2611606,0,0,0.123,0,0,0,1,1,1,0,0,0,0,11,185,10,0.54,20260101
35000880,2609600,1,1,0.755,1,1,1,1,0,1,1,0,1,1,17,473,29,0.84,20260101
35000881,2611101,1,0,0.055,0,0,0,1,1,1,0,0,0,0,7,339,18,0.55,20260101
35000882,2304400,1,1,0.361,0,1,1,1,0,1,1,1,1,1,24,749,49,0.92,20260101
35000883,2304202,1,1,0.382,0,1,1,1,1,1,1,1,1,1,40,2176,155,0.94,20260101
35000884,2313500,1,1,0.317,1,1,1,1,0,1,1,0,1,1,30,1033,68,0.97,20260101
35000885,5208707,0,0,0.1,0,1,0,0,1,1,0,0,0,1,5,281,15,0.57,20260101
35000886,5300108,1,1,0.088,0,1,0,1,1,1,0,0,0,0,10,78,4,0.63,20260101
35000887,1302603,1,1,0.062,0,0,0,1,1,1,1,0,0,0,8,153,8,0.65,20260101
35000888,1501402,1,1,0.297,0,1,1,1,0,1,1,0,1,1,34,1055,70,0.91,20260101
35000889,2111300,1,1,0.499,0,1,0,1,1,1,0,0,1,1,17,718,44,0.87,20260101
35000890,5002704,1,1,0.084,0,0,0,1,1,1,1,0,0,1,9,255,14,0.61,20260101
35000891,3550308,1,1,0.386,1,1,0,1,1,1,1,1,0,1,15,693,43,0.85,20260101
35000892,3509502,1,1,0.539,0,1,1,1,1,1,0,1,1,1,33,1770,126,0.94,20260101
35000893,3549805,1,1,0.095,0,0,0,1,0,1,0,1,0,0,11,237,13,0.53,20260101
35000894,3304557,1,1,0.849,1,1,1,1,0,1,0,0,0,1,20,543,33,0.83,20260101
35000895,3301702,1,1,0.566,0,1,1,1,1,1,1,1,1,1,57,2451,175,0.98,20260101
35000896,3303302,1,1,0.431,1,1,0,1,1,1,1,1,1,1,19,690,43,0.87,20260101
35000897,3106200,1,0,0.047,0,0,0,1,1,1,0,0,0,1,10,329,18,0.72,20260101
35000898,3170206,1,1,0.141,0,1,0,0,1,1,0,0,0,1,11,271,15,0.74,20260101
35000899,3136702,1,1,0.628,1,1,0,1,0,1,0,1,1,1,20,536,33,0.91,20260101
35000900,4106902,1,1,0.416,1,1,1,1,1,1,1,1,1,1,42,1789,127,0.97,20260101
35000901,4113700,1,1,0.531,1,1,1,1,1,1,1,0,1,1,17,275,17,0.91,20260101
35000902,4118204,1,1,0.354,1,1,1,1,0,1,1,1,1,1,21,1087,72,0.92,20260101
35000903,4314902,1,1,0.325,0,1,1,1,1,1,0,1,1,1,31,1091,77,0.96,20260101
35000904,4304606,1,1,0.337,1,1,1,1,1,1,1,1,1,1,46,3109,222,0.88,20260101
35000905,4316907,0,0,0.125,0,1,0,0,1,1,0,0,0,0,7,237,13,0.51,20260101
35000906,4205407,1,1,0.766,1,1,1,1,1,1,0,0,1,1,11,427,26,0.93,20260101
35000907,4209102,1,1,0.452,1,1,1,1,1,1,1,1,1,1,25,1617,115,0.92,20260101
35000908,4202404,1,1,0.148,0,0,0,0,0,1,0,0,0,1,8,198,11,0.54,20260101
35000909,2927408,1,1,0.095,0,1,0,1,0,1,0,0,0,1,5,303,16,0.66,20260101
35000910,2910800,1,1,0.373,0,1,1,1,1,1,1,0,0,1,10,442,27,0.82,20260101
35000911,2933307,1,1,0.33,0,1,1,1,0,1,1,0,1,1,20,1182,78,0.93,20260101
35000912,2611606,1,1,0.139,0,1,0,1,1,1,0,0,0,1,9,216,12,0.7,20260101
35000913,2609600,0,0,0.064,0,0,0,0,0,1,1,0,0,1,11,70,4,0.74,20260101
35000914,2611101,1,1,0.121,0,0,0,0,1,1,0,1,0,1,10,296,16,0.68,20260101
35000915,2304400,1,0,0.126,0,0,0,1,0,1,0,0,0,1,10,62,4,0.74,20260101
35000916,2304202,1,1,0.795,1,1,1,1,1,1,1,1,0,1,23,463,28,0.93,20260101
35000917,2313500,1,1,0.269,1,1,1,1,1,1,1,1,1,1,29,1703,121,0.89,20260101
35000918,5208707,1,1,0.462,1,1,1,1,1,1,1,1,1,1,49,2975,212,0.92,20260101
35000919,5300108,1,1,0.068,0,0,0,1,1,1,0,1,0,0,6,168,9,0.64,20260101
35000920,1302603,1,1,0.39,1,1,1,1,1,1,1,0,0,1,11,390,24,0.81,20260101
35000921,1501402,1,1,0.376,1,1,1,1,1,1,0,1,1,1,34,1849,132,0.87,20260101
35000922,2111300,1,1,0.397,1,1,1,1,0,1,1,1,1,1,26,759,50,0.98,20260101
35000923,5002704,1,1,0.261,1,1,1,1,0,1,1,1,1,1,26,635,42,0.91,20260101
35000924,3550308,1,1,0.062,0,0,0,1,1,1,0,0,0,0,6,159,8,0.72,20260101
35000925,3509502,1,1,0.082,0,0,0,0,1,1,0,1,0,1,6,181,10,0.56,20260101
35000926,3549805,1,1,0.574,0,1,1,1,1,1,1,1,1,1,58,2251,160,0.94,20260101
35000927,3304557,1,1,0.796,0,1,0,1,1,1,1,0,0,1,15,676,42,0.84,20260101
35000928,3301702,1,1,0.361,1,1,1,1,1,1,1,1,1,1,33,1831,130,0.89,20260101
35000929,3303302,1,1,0.275,1,1,1,1,1,1,0,1,1,1,31,2759,197,0.95,20260101
35000930,3106200,1,1,0.456,1,1,1,1,1,1,1,1,1,1,43,1190,85,0.86,20260101
35000931,3170206,1,1,0.498,0,1,1,1,0,1,1,0,1,1,32,886,59,0.98,20260101
35000932,3136702,1,0,0.107,0,0,0,1,1,1,0,0,0,0,10,206,11,0.62,20260101
35000933,4106902,1,1,0.393,0,1,0,1,1,1,1,0,1,1,19,301,18,0.84,20260101
35000934,4113700,1,1,0.506,1,1,1,1,1,1,0,1,1,1,14,459,28,0.82,20260101
35000935,4118204,1,1,0.476,1,1,0,1,0,1,0,1,0,1,11,747,46,0.81,20260101
35000936,4314902,1,1,0.484,1,1,0,1,0,1,0,1,1,1,18,448,28,0.82,20260101
35000937,4304606,1,1,0.113,0,0,0,1,1,1,0,0,0,1,4,263,14,0.51,20260101
35000938,4316907,1,1,0.115,0,1,0,0,1,1,1,0,0,1,10,216,12,0.7,20260101
35000939,4205407,1,1,0.392,0,1,1,1,0,1,1,0,1,1,19,539,35,0.95,20260101
35000940,4209102,1,1,0.332,1,1,1,1,0,1,1,0,1,1,33,932,62,0.96,20260101
35000941,4202404,1,1,0.471,1,1,1,1,0,1,1,1,1,1,16,967,64,0.97,20260101
35000942,2927408,1,1,0.573,1,1,1,1,1,1,0,0,0,1,23,377,23,0.81,20260101
35000943,2910800,0,0,0.122,0,1,0,0,1,1,1,0,0,1,8,301,16,0.67,20260101
35000944,2933307,1,0,0.095,0,0,0,0,1,1,0,0,0,0,7,69,4,0.64,20260101
35000945,2611606,1,1,0.475,0,1,1,1,1,1,1,1,1,1,33,2460,175,0.92,20260101
35000946,2609600,1,1,0.809,1,1,1,1,0,1,1,0,1,1,21,447,27,0.89,20260101
35000947,2611101,1,1,0.127,0,1,0,1,1,1,0,0,0,0,7,75,4,0.75,20260101
35000948,2304400,1,0,0.027,0,0,0,1,1,1,1,0,0,0,10,321,17,0.67,20260101
35000949,2304202,1,1,0.254,1,1,1,1,1,1,1,1,1,1,51,1176,84,0.94,20260101
35000950,2313500,1,1,0.091,0,0,0,0,1,1,0,0,0,1,8,312,17,0.58,20260101
35000951,5208707,1,1,0.444,1,1,1,1,1,1,1,1,1,1,31,2024,144,0.9,20260101
35000952,5300108,1,1,0.441,1,1,1,1,1,1,1,1,1,1,51,2100,150,0.88,20260101
35000953,1302603,0,0,0.093,0,0,0,0,1,1,0,0,0,1,9,301,16,0.57,20260101
35000954,1501402,1,1,0.267,0,1,1,1,0,1,1,1,1,1,32,606,40,0.96,20260101
35000955,2111300,1,1,0.715,0,1,0,1,0,1,1,1,0,1,13,583,36,0.83,20260101
35000956,5002704,0,0,0.144,0,0,0,1,0,1,0,0,0,0,5,342,19,0.74,20260101
35000957,3550308,1,1,0.132,0,0,0,1,1,1,0,0,0,0,4,137,7,0.52,20260101
35000958,3509502,1,1,0.505,0,1,1,1,1,1,1,1,1,1,32,2953,210,0.87,20260101
35000959,3549805,1,1,0.435,1,1,1,1,1,1,0,1,0,1,14,694,43,0.93,20260101
35000960,3304557,1,1,0.037,0,0,0,1,1,1,1,0,0,0,10,294,16,0.59,20260101
35000961,3301702,1,1,0.477,0,1,0,1,0,1,1,0,0,1,13,298,18,0.83,20260101
35000962,3303302,1,1,0.099,0,0,0,0,0,1,0,1,0,1,10,125,6,0.5,20260101
35000963,3106200,1,1,0.281,1,1,1,1,0,1,1,1,1,1,21,519,34,0.94,20260101
35000964,3170206,1,1,0.47,1,1,1,1,1,1,1,1,1,1,44,3057,218,0.87,20260101
35000965,3136702,1,1,0.226,1,1,1,1,0,1,1,1,1,1,17,777,51,0.93,20260101
35000966,4106902,1,1,0.03,0,0,0,1,1,1,0,0,0,0,4,274,15,0.53,20260101
35000967,4113700,1,1,0.516,1,1,0,1,0,1,0,1,1,1,17,401,25,0.91,20260101
35000968,4118204,1,1,0.311,1,1,1,1,1,1,0,1,1,1,38,2939,209,0.88,20260101
35000969,4314902,0,0,0.102,0,0,0,1,0,1,0,0,0,0,11,262,14,0.51,20260101
35000970,4304606,1,1,0.701,0,1,1,1,0,1,1,1,1,1,21,264,16,0.88,20260101
35000971,4316907,1,1,0.275,1,1,1,1,0,1,1,1,1,1,32,932,62,0.97,20260101
35000972,4205407,1,1,0.485,1,1,0,1,1,1,1,0,1,1,19,423,26,0.94,20260101
35000973,4209102,1,1,0.201,1,1,1,1,0,1,1,1,1,1,34,509,33,0.96,20260101
35000974,4202404,1,1,0.49,0,1,1,1,1,1,1,1,1,1,58,2841,202,0.92,20260101
35000975,2927408,1,1,0.32,0,1,1,1,1,1,0,1,1,1,58,3044,217,0.9,20260101
35000976,2910800,1,1,0.647,1,1,1,1,1,1,0,0,1,1,11,658,41,0.88,20260101
35000977,2933307,1,1,0.706,1,1,1,1,1,1,1,0,0,1,13,321,20,0.85,20260101
35000978,2611606,0,0,0.026,0,0,0,0,0,1,0,1,0,1,10,258,14,0.68,20260101
35000979,2609600,1,1,0.295,1,1,1,1,1,1,1,1,1,1,38,1930,137,0.86,20260101
35000980,2611101,1,1,0.472,1,1,1,1,1,1,1,1,0,1,10,318,19,0.93,20260101
35000981,2304400,0,0,0.105,0,0,0,1,1,1,1,0,0,1,8,302,16,0.54,20260101
35000982,2304202,1,1,0.334,0,1,1,1,1,1,1,1,1,1,59,3133,223,0.95,20260101
35000983,2313500,1,1,0.288,1,1,1,1,0,1,1,0,1,1,21,957,63,0.91,20260101
35000984,5208707,1,1,0.642,1,1,0,1,1,1,0,0,1,1,18,543,33,0.92,20260101
35000985,5300108,1,1,0.402,1,1,1,1,1,1,1,1,1,1,34,1472,105,0.85,20260101
35000986,1302603,1,1,0.387,0,1,1,1,1,1,1,1,0,1,21,485,30,0.88,20260101
35000987,1501402,0,0,0.06,0,0,0,1,0,1,0,1,0,1,4,204,11,0.6,20260101
35000988,2111300,1,1,0.532,0,1,1,1,1,1,0,0,1,1,15,627,39,0.91,20260101
35000989,5002704,1,1,0.252,0,1,1,1,0,1,1,1,1,1,34,1048,69,0.9,20260101
35000990,3550308,1,1,0.443,1,1,1,1,1,1,1,1,1,1,34,2622,187,0.87,20260101
35000991,3509502,1,1,0.381,1,1,1,1,1,1,1,1,1,1,41,2866,204,0.88,20260101
35000992,3549805,1,1,0.734,0,1,1,1,0,1,1,0,1,1,14,532,33,0.91,20260101
35000993,3304557,1,1,0.263,0,1,1,1,0,1,1,1,1,1,33,659,43,0.92,20260101
35000994,3301702,1,1,0.06,0,1,0,1,0,1,0,0,0,0,11,255,14,0.51,20260101
35000995,3303302,1,1,0.818,1,1,0,1,1,1,0,1,0,1,20,486,30,0.93,20260101
35000996,3106200,1,1,0.412,1,1,1,1,0,1,1,1,1,1,25,724,48,0.97,20260101
35000997,3170206,1,0,0.026,0,0,0,0,1,1,0,1,0,1,7,288,16,0.72,20260101
35000998,3136702,1,1,0.671,1,1,0,1,0,1,1,0,1,1,20,355,22,0.9,20260101
35000999,4106902,0,0,0.107,0,1,0,1,0,1,0,0,0,1,9,338,18,0.74,20260101
35001000,4113700,1,1,0.328,1,1,1,1,1,1,1,1,1,1,51,2571,183,0.97,20260101
35001001,4118204,0,0,0.052,0,1,0,0,1,1,1,1,0,1,9,213,11,0.72,20260101
35001002,4314902,0,0,0.1,0,0,0,1,1,1,0,0,0,0,9,180,10,0.74,20260101
35001003,4304606,1,1,0.322,1,1,1,1,0,1,1,1,1,1,15,616,41,0.96,20260101
35001004,4316907,1,1,0.418,1,1,1,1,0,1,1,1,1,1,30,466,31,0.94,20260101
35001005,4205407,1,0,0.038,0,0,0,1,1,1,0,0,0,1,4,348,19,0.74,20260101
35001006,4209102,1,1,0.525,1,1,0,1,0,1,1,0,1,1,20,725,45,0.92,20260101
35001007,4202404,1,1,0.398,1,1,1,1,1,1,1,0,0,1,23,453,28,0.93,20260101
35001008,2927408,1,1,0.239,0,1,1,1,0,1,1,0,1,1,26,1126,75,0.98,20260101
35001009,2910800,1,1,0.062,0,1,0,1,1,1,0,1,0,1,8,185,10,0.59,20260101
35001010,2933307,1,1,0.467,1,1,1,1,0,1,1,0,1,1,15,1036,69,0.98,20260101
35001011,2611606,1,0,0.04,0,0,0,0,1,1,0,1,0,0,5,346,19,0.73,20260101
35001012,2609600,1,1,0.134,0,0,0,0,0,1,1,0,0,0,7,238,13,0.54,20260101
35001013,2611101,1,1,0.414,0,1,1,1,1,1,0,1,1,1,32,1222,87,0.92,20260101
35001014,2304400,1,1,0.324,0,1,1,1,0,1,1,0,1,1,25,524,34,0.98,20260101
35001015,2304202,1,1,0.091,0,0,0,1,1,1,1,0,0,0,11,298,16,0.73,20260101
35001016,2313500,1,1,0.365,1,1,1,1,1,1,1,1,1,1,33,2928,209,0.86,20260101
35001017,5208707,1,1,0.131,0,1,0,1,1,1,0,0,0,0,6,173,9,0.63,20260101
35001018,5300108,1,1,0.788,1,1,0,1,1,1,1,0,1,1,14,288,18,0.93,20260101
35001019,1302603,1,1,0.125,0,0,0,0,1,1,0,0,0,1,10,341,18,0.5,20260101
35001020,1501402,0,0,0.045,0,0,0,1,1,1,0,0,0,1,8,174,9,0.56,20260101
35001021,2111300,1,1,0.686,0,1,1,1,0,1,1,0,1,1,21,716,44,0.81,20260101
35001022,5002704,1,1,0.39,1,1,1,1,0,1,1,1,1,1,17,596,39,0.92,20260101
35001023,3550308,1,1,0.059,0,1,0,1,1,1,0,0,0,0,10,159,8,0.57,20260101
35001024,3509502,1,1,0.123,0,1,0,0,1,1,0,1,0,0,6,142,7,0.67,20260101
35001025,3549805,0,0,0.134,0,1,0,0,1,1,0,0,0,0,5,199,11,0.67,20260101
35001026,3304557,1,1,0.208,0,1,1,1,0,1,1,0,1,1,20,1024,68,0.94,20260101
35001027,3301702,0,0,0.03,0,0,0,0,1,1,0,0,0,0,8,223,12,0.65,20260101
35001028,3303302,1,1,0.533,1,1,0,1,1,1,1,1,0,1,16,304,19,0.92,20260101
35001029,3106200,1,1,0.331,1,1,1,1,0,1,1,1,1,1,15,518,34,0.95,20260101
35001030,3170206,1,1,0.456,1,1,1,1,1,1,1,1,1,1,55,1932,138,0.89,20260101
35001031,3136702,1,0,0.022,0,1,0,1,1,1,0,0,0,0,6,302,16,0.72,20260101
35001032,4106902,1,1,0.063,0,0,0,1,1,1,0,0,0,0,7,268,14,0.71,20260101
35001033,4113700,0,0,0.082,0,1,0,1,1,1,1,1,0,0,7,75,4,0.71,20260101
35001034,4118204,1,0,0.121,0,0,0,0,0,1,0,0,0,0,9,63,4,0.63,20260101
35001035,4314902,1,1,0.732,0,1,1,1,0,1,0,0,1,1,17,527,32,0.94,20260101
35001036,4304606,1,1,0.1,0,1,0,1,1,1,0,0,0,1,7,319,17,0.65,20260101
35001037,4316907,1,1,0.148,0,0,0,0,1,1,1,0,0,0,11,211,11,0.58,20260101
35001038,4205407,1,1,0.346,1,1,1,1,1,1,1,1,1,1,28,2796,199,0.94,20260101
35001039,4209102,1,1,0.507,1,1,0,1,0,1,1,0,1,1,18,513,32,0.95,20260101
35001040,4202404,1,0,0.1,0,1,0,1,1,1,1,0,0,0,10,285,15,0.7,20260101
35001041,2927408,1,1,0.581,1,1,1,1,1,1,0,1,1,1,57,2695,192,0.87,20260101
35001042,2910800,1,1,0.568,0,1,1,1,1,1,1,1,1,1,58,1542,110,0.88,20260101
35001043,2933307,1,1,0.742,1,1,0,1,0,1,0,0,0,1,10,354,22,0.86,20260101
35001044,2611606,1,1,0.535,1,1,1,1,0,1,1,1,1,1,16,411,25,0.89,20260101
35001045,2609600,1,1,0.453,1,1,1,1,0,1,1,1,1,1,18,323,20,0.93,20260101
35001046,2611101,1,1,0.247,1,1,1,1,0,1,1,0,1,1,31,946,63,0.96,20260101
35001047,2304400,0,0,0.095,0,0,0,0,1,1,0,0,0,0,7,141,7,0.54,20260101
35001048,2304202,1,1,0.407,1,1,1,1,0,1,1,1,1,1,19,423,28,0.94,20260101
35001049,2313500,1,1,0.647,1,1,1,1,0,1,1,1,1,1,13,489,30,0.86,20260101
35001050,5208707,0,0,0.086,0,0,0,1,1,1,0,1,0,0,11,237,13,0.62,20260101
35001051,5300108,1,1,0.355,0,1,1,1,1,1,1,1,1,1,39,1061,75,0.91,20260101
35001052,1302603,1,1,0.393,1,1,1,1,0,1,1,1,1,1,15,1122,74,0.93,20260101
35001053,1501402,1,1,0.364,1,1,1,1,0,1,1,1,1,1,22,798,53,0.97,20260101
35001054,2111300,1,0,0.094,0,0,0,1,1,1,0,0,0,1,5,305,16,0.66,20260101
35001055,5002704,1,1,0.452,1,1,1,1,0,1,1,0,1,1,30,724,48,0.96,20260101
35001056,3550308,1,1,0.475,0,1,1,1,0,1,0,0,0,1,20,327,20,0.92,20260101
35001057,3509502,1,1,0.37,1,1,1,1,1,1,1,1,1,1,55,2004,143,0.93,20260101
35001058,3549805,1,1,0.063,0,0,0,1,0,1,0,0,0,1,7,143,7,0.72,20260101
35001059,3304557,0,0,0.099,0,0,0,1,1,1,1,0,0,0,8,85,4,0.63,20260101
35001060,3301702,1,0,0.073,0,0,0,1,1,1,0,0,0,1,9,265,14,0.66,20260101
35001061,3303302,1,1,0.399,1,1,0,1,0,1,0,0,1,1,15,508,31,0.81,20260101
35001062,3106200,1,1,0.501,1,1,1,1,1,1,1,1,1,1,50,2937,209,0.86,20260101
35001063,3170206,1,1,0.44,1,1,1,1,0,1,1,1,1,1,17,885,59,0.93,20260101
35001064,3136702,1,1,0.649,1,1,1,1,0,1,0,0,1,1,21,387,24,0.95,20260101
35001065,4106902,1,1,0.502,1,1,1,1,1,1,1,1,1,1,59,3046,217,0.9,20260101
35001066,4113700,1,1,0.347,0,1,1,1,0,1,1,0,1,1,18,698,46,0.96,20260101
35001067,4118204,1,1,0.37,1,1,1,1,0,1,1,0,1,1,28,1024,68,0.92,20260101
35001068,4314902,1,1,0.029,0,0,0,0,1,1,1,1,0,1,10,325,18,0.56,20260101
35001069,4304606,1,1,0.402,1,1,1,1,1,1,1,1,1,1,30,2066,147,0.95,20260101
35001070,4316907,1,0,0.064,0,1,0,0,1,1,1,0,0,1,11,130,7,0.72,20260101
35001071,4205407,1,1,0.466,1,1,1,1,1,1,1,1,1,1,46,2765,197,0.92,20260101
35001072,4209102,0,0,0.071,0,0,0,1,1,1,0,0,0,0,6,102,5,0.55,20260101
35001073,4202404,1,1,0.508,1,1,1,1,1,1,0,1,0,1,21,648,40,0.81,20260101
35001074,2927408,0,0,0.024,0,0,0,1,1,1,0,0,0,0,11,164,9,0.56,20260101
35001075,2910800,1,1,0.812,1,1,1,1,1,1,1,0,1,1,19,599,37,0.81,20260101
35001076,2933307,1,1,0.364,0,1,0,1,1,1,0,1,0,1,19,534,33,0.83,20260101
35001077,2611606,1,1,0.326,1,1,1,1,0,1,1,1,1,1,33,923,61,0.92,20260101
35001078,2609600,1,1,0.383,0,1,1,1,0,1,1,1,1,1,25,876,58,0.94,20260101
35001079,2611101,1,1,0.2,0,1,1,1,0,1,1,1,1,1,31,450,30,0.96,20260101
35001080,2304400,0,0,0.123,0,1,0,1,1,1,1,0,0,1,6,156,8,0.51,20260101
35001081,2304202,1,1,0.099,0,0,0,0,1,1,0,0,0,1,7,108,6,0.55,20260101
35001082,2313500,1,1,0.48,0,1,1,1,0,1,1,1,1,1,32,963,64,0.93,20260101
35001083,5208707,1,1,0.092,0,0,0,1,1,1,1,0,0,0,6,132,7,0.74,20260101
35001084,5300108,1,1,0.084,0,1,0,1,1,1,0,0,0,0,10,205,11,0.58,20260101
35001085,1302603,1,0,0.115,0,0,0,1,0,1,0,0,0,0,7,346,19,0.64,20260101
35001086,1501402,0,0,0.085,0,1,0,1,0,1,1,0,0,0,5,147,8,0.54,20260101
35001087,2111300,1,1,0.708,1,1,1,1,1,1,1,0,0,1,14,542,33,0.83,20260101
35001088,5002704,1,1,0.459,1,1,1,1,1,1,1,1,1,1,32,1981,141,0.89,20260101
35001089,3550308,1,1,0.732,1,1,1,1,1,1,0,1,1,1,22,382,23,0.86,20260101
35001090,3509502,1,1,0.61,1,1,1,1,1,1,1,1,0,1,21,591,36,0.86,20260101
35001091,3549805,1,1,0.801,1,1,1,1,0,1,1,0,1,1,11,373,23,0.89,20260101
35001092,3304557,0,0,0.061,0,0,0,0,1,1,0,0,0,0,10,171,9,0.74,20260101
35001093,3301702,1,1,0.241,1,1,1,1,0,1,1,1,1,1,28,886,59,0.92,20260101
35001094,3303302,1,1,0.041,0,0,0,0,1,1,0,0,0,0,6,330,18,0.73,20260101
35001095,3106200,1,1,0.128,0,0,0,1,0,1,1,0,0,1,5,196,10,0.74,20260101
35001096,3170206,0,0,0.134,0,1,0,1,1,1,1,0,0,1,9,328,18,0.51,20260101
35001097,3136702,1,1,0.347,0,1,1,1,1,1,1,1,1,1,55,3154,225,0.92,20260101
35001098,4106902,1,0,0.108,0,0,0,1,1,1,0,0,0,1,8,205,11,0.66,20260101
35001099,4113700,1,1,0.544,1,1,1,1,1,1,1,1,1,1,39,1465,104,0.87,20260101
35001100,4118204,1,1,0.453,0,1,1,1,1,1,1,1,1,1,45,2960,211,0.9,20260101
35001101,4314902,1,1,0.492,0,1,1,1,0,1,1,1,1,1,20,570,38,0.93,20260101
35001102,4304606,1,1,0.791,1,1,0,1,1,1,0,0,1,1,17,557,34,0.85,20260101
35001103,4316907,1,0,0.033,0,1,0,1,1,1,0,1,0,1,6,232,12,0.53,20260101
35001104,4205407,1,1,0.268,1,1,1,1,1,1,1,1,1,1,44,1949,139,0.95,20260101
35001105,4209102,1,1,0.256,1,1,1,1,1,1,1,1,1,1,25,1525,108,0.92,20260101
35001106,4202404,1,1,0.37,0,1,1,1,0,1,1,1,1,1,17,754,50,0.91,20260101
35001107,2927408,1,0,0.14,0,1,0,0,0,1,0,0,0,1,7,166,9,0.52,20260101
35001108,2910800,1,1,0.396,0,1,1,1,1,1,1,1,1,1,12,573,35,0.85,20260101
35001109,2933307,1,1,0.054,0,0,0,1,1,1,0,0,0,0,11,245,13,0.55,20260101
35001110,2611606,1,1,0.567,1,1,1,1,1,1,0,1,1,1,22,574,35,0.87,20260101
35001111,2609600,0,0,0.086,0,1,0,0,1,1,1,1,0,1,4,231,12,0.71,20260101
35001112,2611101,1,1,0.523,0,1,0,1,1,1,1,1,1,1,16,524,32,0.89,20260101
35001113,2304400,0,0,0.13,0,0,0,0,1,1,0,0,0,1,10,331,18,0.61,20260101
35001114,2304202,1,1,0.404,0,1,1,1,1,1,1,1,1,1,27,1553,110,0.86,20260101
35001115,2313500,1,0,0.076,0,0,0,0,1,1,0,1,0,0,9,105,5,0.58,20260101
35001116,5208707,0,0,0.095,0,0,0,1,1,1,0,0,0,0,7,74,4,0.52,20260101
35001117,5300108,1,1,0.298,1,1,1,1,0,1,1,1,1,1,20,1170,78,0.96,20260101
35001118,1302603,1,1,0.401,1,1,1,1,1,1,1,1,1,1,48,2086,149,0.94,20260101
35001119,1501402,1,1,0.326,1,1,1,1,0,1,1,1,1,1,27,1032,68,0.96,20260101
35001120,2111300,1,1,0.558,1,1,1,1,1,1,1,1,1,1,46,2441,174,0.92,20260101
35001121,5002704,0,0,0.146,0,1,0,0,1,1,0,0,0,0,8,171,9,0.65,20260101
35001122,3550308,1,1,0.36,0,1,1,1,0,1,1,0,0,1,12,635,39,0.82,20260101
35001123,3509502,1,1,0.284,1,1,1,1,0,1,1,1,1,1,18,690,46,0.95,20260101
35001124,3549805,1,1,0.411,1,1,1,1,1,1,1,1,1,1,41,2004,143,0.97,20260101
35001125,3304557,1,1,0.528,1,1,0,1,1,1,0,1,1,1,12,603,37,0.83,20260101
35001126,3301702,1,1,0.341,1,1,1,1,1,1,1,1,1,1,55,1782,127,0.94,20260101
35001127,3303302,0,0,0.07,0,0,0,0,1,1,0,0,0,1,11,235,13,0.62,20260101
35001128,3106200,1,1,0.094,0,1,0,1,1,1,0,0,0,0,5,310,17,0.61,20260101
35001129,3170206,1,1,0.397,1,1,1,1,0,1,1,1,1,1,21,560,37,0.98,20260101
35001130,3136702,1,1,0.311,1,1,1,1,0,1,1,1,1,1,29,427,28,0.93,20260101
35001131,4106902,1,1,0.044,0,1,0,0,0,1,0,0,0,1,5,308,17,0.52,20260101
35001132,4113700,1,1,0.48,0,1,1,1,0,1,1,1,1,1,18,458,30,0.98,20260101
35001133,4118204,1,1,0.279,0,1,1,1,0,1,1,0,1,1,29,988,65,0.92,20260101
35001134,4314902,1,1,0.596,1,1,1,1,1,1,0,0,0,1,23,281,17,0.91,20260101
35001135,4304606,1,1,0.75,1,1,0,1,1,1,0,1,0,1,15,368,23,0.88,20260101
35001136,4316907,1,1,0.364,0,1,1,1,0,1,0,0,1,1,13,466,29,0.85,20260101
35001137,4205407,1,1,0.386,1,1,1,1,1,1,1,1,1,1,49,2105,150,0.91,20260101
35001138,4209102,1,1,0.453,0,1,1,1,1,1,1,1,1,1,43,3002,214,0.97,20260101
35001139,4202404,1,1,0.706,1,1,1,1,0,1,0,1,0,1,16,610,38,0.82,20260101
35001140,2927408,1,1,0.443,1,1,1,1,1,1,1,1,1,1,42,1035,73,0.97,20260101
35001141,2910800,1,1,0.588,1,1,1,1,1,1,0,1,1,1,40,2481,177,0.87,20260101
35001142,2933307,1,1,0.541,0,1,1,1,1,1,1,1,1,1,36,1652,118,0.9,20260101
35001143,2611606,1,0,0.07,0,0,0,0,0,1,0,1,0,1,5,239,13,0.65,20260101
35001144,2609600,1,1,0.125,0,0,0,1,0,1,0,0,0,0,11,261,14,0.52,20260101
35001145,2611101,1,1,0.565,1,1,1,1,1,1,1,0,0,1,20,300,18,0.88,20260101
35001146,2304400,1,1,0.107,0,0,0,0,1,1,0,0,0,0,5,228,12,0.54,20260101
35001147,2304202,1,1,0.59,0,1,1,1,1,1,0,1,1,1,44,1842,131,0.93,20260101
35001148,2313500,1,1,0.371,0,1,1,1,0,1,1,1,1,1,33,1102,73,0.97,20260101
35001149,5208707,1,1,0.059,0,1,0,1,1,1,1,1,0,1,8,111,6,0.51,20260101
35001150,5300108,1,1,0.461,1,1,1,1,1,1,1,1,1,1,50,1599,114,0.86,20260101
35001151,1302603,0,0,0.106,0,0,0,1,1,1,1,0,0,1,8,129,7,0.66,20260101
35001152,1501402,1,1,0.146,0,0,0,1,1,1,0,0,0,0,7,216,12,0.6,20260101
35001153,2111300,1,1,0.081,0,1,0,1,1,1,0,1,0,0,10,196,10,0.52,20260101
35001154,5002704,1,0,0.135,0,0,0,1,1,1,0,0,0,0,5,147,8,0.75,20260101
35001155,3550308,1,1,0.37,1,1,0,1,0,1,1,1,0,1,14,584,36,0.91,20260101
35001156,3509502,1,1,0.641,1,1,0,1,1,1,1,0,1,1,20,487,30,0.93,20260101
35001157,3549805,1,0,0.138,0,1,0,0,1,1,0,0,0,0,8,224,12,0.7,20260101
35001158,3304557,1,1,0.526,1,1,1,1,1,1,0,1,1,1,28,1202,85,0.96,20260101
35001159,3301702,0,0,0.105,0,0,0,0,1,1,0,0,0,1,11,166,9,0.52,20260101
35001160,3303302,0,0,0.095,0,0,0,1,1,1,0,0,0,0,4,285,15,0.74,20260101
35001161,3106200,1,1,0.363,1,1,0,1,1,1,1,0,0,1,20,555,34,0.85,20260101
35001162,3170206,1,0,0.053,0,0,0,1,1,1,0,0,0,1,8,300,16,0.56,20260101
35001163,3136702,1,0,0.054,0,1,0,1,1,1,0,0,0,0,7,185,10,0.6,20260101
35001164,4106902,0,0,0.125,0,0,0,0,1,1,0,0,0,0,5,238,13,0.66,20260101
35001165,4113700,1,0,0.098,0,0,0,1,0,1,0,0,0,0,4,274,15,0.67,20260101
35001166,4118204,1,1,0.489,1,1,1,1,0,1,1,1,1,1,17,715,47,0.99,20260101
35001167,4314902,1,1,0.416,1,1,1,1,0,1,1,0,1,1,19,370,23,0.81,20260101
35001168,4304606,1,1,0.126,0,1,0,1,1,1,1,0,0,0,5,117,6,0.73,20260101
35001169,4316907,1,1,0.072,0,0,0,1,1,1,0,1,0,0,7,65,4,0.66,20260101
35001170,4205407,1,1,0.484,0,1,1,1,1,1,1,1,1,1,38,1781,127,0.95,20260101
35001171,4209102,1,1,0.516,0,1,1,1,1,1,1,1,1,1,42,2582,184,0.87,20260101
35001172,4202404,1,1,0.411,1,1,1,1,0,1,1,1,1,1,33,823,54,0.9,20260101
35001173,2927408,1,1,0.794,1,1,1,1,1,1,1,1,1,1,15,388,24,0.85,20260101
35001174,2910800,1,1,0.832,1,1,0,1,0,1,1,1,0,1,11,543,33,0.85,20260101
35001175,2933307,1,1,0.781,0,1,0,1,0,1,0,0,1,1,16,705,44,0.85,20260101
35001176,2611606,0,0,0.113,0,0,0,1,1,1,1,0,0,0,6,92,5,0.7,20260101
35001177,2609600,1,1,0.461,1,1,1,1,0,1,1,1,0,1,13,395,24,0.92,20260101
35001178,2611101,0,0,0.046,0,0,0,1,1,1,0,1,0,0,6,106,5,0.53,20260101
35001179,2304400,0,0,0.055,0,0,0,0,1,1,0,0,0,0,11,177,9,0.63,20260101
35001180,2304202,1,1,0.475,0,1,1,1,0,1,1,1,1,1,26,882,58,0.99,20260101
35001181,2313500,1,1,0.301,0,1,1,1,0,1,1,1,1,1,25,982,65,0.99,20260101
35001182,5208707,1,1,0.438,1,1,1,1,1,1,1,0,1,1,21,410,25,0.87,20260101
35001183,5300108,1,1,0.097,0,1,0,0,1,1,0,0,0,0,9,132,7,0.55,20260101
35001184,1302603,1,0,0.105,0,0,0,1,1,1,0,1,0,0,9,76,4,0.54,20260101
35001185,1501402,1,1,0.407,1,1,1,1,1,1,1,1,1,1,48,2738,195,0.89,20260101
35001186,2111300,1,1,0.02,0,1,0,0,1,1,0,0,0,0,4,83,4,0.54,20260101
35001187,5002704,1,1,0.034,0,0,0,0,1,1,1,0,0,0,9,238,13,0.63,20260101
35001188,3550308,1,1,0.495,1,1,1,1,1,1,1,1,1,1,34,1389,99,0.85,20260101
35001189,3509502,1,1,0.075,0,0,0,1,1,1,0,0,0,0,9,92,5,0.67,20260101
35001190,3549805,1,1,0.687,1,1,1,1,1,1,0,0,0,1,10,455,28,0.87,20260101
35001191,3304557,1,0,0.109,0,0,0,0,1,1,1,0,0,0,9,267,14,0.67,20260101
35001192,3301702,1,1,0.253,0,1,1,1,1,1,0,1,1,1,47,1899,135,0.89,20260101
35001193,3303302,1,1,0.255,0,1,1,1,1,1,0,1,1,1,58,2681,191,0.91,20260101
35001194,3106200,0,0,0.036,0,1,0,1,1,1,1,0,0,0,4,322,17,0.56,20260101
35001195,3170206,1,1,0.372,1,1,1,1,1,1,1,1,1,1,59,1419,101,0.89,20260101
35001196,3136702,1,1,0.033,0,0,0,0,1,1,1,0,0,0,4,199,11,0.69,20260101
35001197,4106902,1,1,0.337,1,1,1,1,0,1,1,1,1,1,32,1144,76,0.98,20260101
35001198,4113700,0,0,0.052,0,0,0,1,1,1,1,0,0,0,4,142,7,0.63,20260101
35001199,4118204,1,1,0.061,0,0,0,1,0,1,0,1,0,1,10,319,17,0.72,20260101
